-- phpMyAdmin SQL Dump
-- version 5.2.1
-- https://www.phpmyadmin.net/
--
-- Servidor: 127.0.0.1:3310
-- Tiempo de generación: 11-03-2026 a las 20:02:31
-- Versión del servidor: 10.4.32-MariaDB
-- Versión de PHP: 8.2.12

SET SQL_MODE = "NO_AUTO_VALUE_ON_ZERO";
START TRANSACTION;
SET time_zone = "+00:00";


/*!40101 SET @OLD_CHARACTER_SET_CLIENT=@@CHARACTER_SET_CLIENT */;
/*!40101 SET @OLD_CHARACTER_SET_RESULTS=@@CHARACTER_SET_RESULTS */;
/*!40101 SET @OLD_COLLATION_CONNECTION=@@COLLATION_CONNECTION */;
/*!40101 SET NAMES utf8mb4 */;

--
-- Base de datos: `pizza_express_tycoon`
--

-- --------------------------------------------------------

--
-- Estructura de tabla para la tabla `detalle_pedido`
--

CREATE TABLE `detalle_pedido` (
  `id_detalle` int(11) NOT NULL,
  `id_pedido` int(11) NOT NULL,
  `id_producto` int(11) NOT NULL,
  `cantidad` int(11) NOT NULL
) ENGINE=InnoDB DEFAULT CHARSET=utf8mb4 COLLATE=utf8mb4_general_ci;

--
-- Volcado de datos para la tabla `detalle_pedido`
--

INSERT INTO `detalle_pedido` (`id_detalle`, `id_pedido`, `id_producto`, `cantidad`) VALUES
(1, 4, 1, 1),
(2, 5, 3, 1),
(3, 5, 1, 1),
(4, 6, 2, 1),
(5, 6, 1, 1),
(6, 6, 3, 1),
(7, 7, 2, 1),
(8, 7, 1, 1),
(9, 7, 3, 1),
(10, 8, 3, 1),
(11, 9, 2, 1),
(12, 9, 3, 1),
(13, 10, 3, 1),
(14, 11, 2, 1),
(15, 11, 1, 1),
(16, 12, 2, 1),
(17, 12, 3, 1),
(18, 12, 1, 1),
(19, 13, 2, 1),
(20, 13, 3, 1),
(21, 14, 2, 1),
(22, 15, 1, 1),
(23, 15, 3, 1),
(24, 15, 2, 1),
(25, 16, 2, 1),
(26, 16, 3, 1),
(27, 16, 1, 1),
(28, 17, 1, 1),
(29, 17, 2, 1),
(30, 17, 3, 1),
(31, 18, 1, 1),
(32, 18, 3, 1),
(33, 18, 2, 1),
(34, 19, 3, 1),
(35, 19, 1, 1),
(36, 20, 2, 1),
(37, 20, 3, 1),
(38, 20, 1, 1),
(39, 21, 2, 1),
(40, 22, 2, 1),
(41, 22, 1, 1),
(42, 22, 3, 1),
(43, 23, 2, 1),
(44, 24, 3, 1),
(45, 25, 1, 1),
(46, 26, 2, 1),
(47, 27, 2, 1),
(48, 28, 2, 1),
(49, 29, 3, 1),
(50, 29, 1, 1),
(51, 29, 2, 1),
(52, 30, 1, 1),
(53, 30, 2, 1),
(54, 31, 2, 1),
(55, 32, 3, 1),
(56, 33, 3, 1),
(57, 34, 2, 1),
(58, 34, 1, 1),
(59, 35, 2, 1),
(60, 36, 1, 1),
(61, 36, 3, 1),
(62, 37, 3, 1),
(63, 37, 2, 1),
(64, 37, 1, 1),
(65, 38, 2, 1),
(66, 38, 1, 1),
(67, 38, 3, 1),
(68, 39, 3, 1),
(69, 39, 2, 1),
(70, 39, 1, 1),
(71, 40, 1, 1),
(72, 41, 3, 1),
(73, 42, 2, 1),
(74, 43, 3, 1),
(75, 44, 3, 1),
(76, 44, 2, 1),
(77, 44, 1, 1),
(78, 45, 2, 1),
(79, 46, 3, 1),
(80, 46, 1, 1),
(81, 47, 1, 1),
(82, 47, 3, 1),
(83, 47, 2, 1),
(84, 48, 1, 1),
(85, 49, 2, 1),
(86, 50, 3, 1),
(87, 50, 2, 1),
(88, 51, 3, 1),
(89, 52, 2, 1),
(90, 53, 2, 1),
(91, 53, 1, 1),
(92, 53, 3, 1),
(93, 54, 3, 1),
(94, 54, 1, 1),
(95, 54, 2, 1),
(96, 55, 2, 1),
(97, 55, 3, 1),
(98, 55, 1, 1),
(99, 56, 3, 1),
(100, 56, 1, 1),
(101, 57, 2, 1),
(102, 57, 1, 1),
(103, 57, 3, 1),
(104, 58, 1, 1),
(105, 58, 3, 1),
(106, 58, 2, 1),
(107, 59, 1, 1),
(108, 59, 3, 1),
(109, 60, 3, 1),
(110, 60, 2, 1),
(111, 61, 2, 1),
(112, 61, 1, 1),
(113, 62, 1, 1),
(114, 63, 1, 1),
(115, 64, 3, 1),
(116, 64, 2, 1),
(117, 64, 1, 1),
(118, 65, 1, 1),
(119, 66, 1, 1),
(120, 66, 2, 1),
(121, 66, 3, 1),
(122, 67, 1, 1),
(123, 68, 1, 1),
(124, 68, 3, 1),
(125, 69, 2, 1),
(126, 69, 3, 1),
(127, 70, 3, 1),
(128, 70, 2, 1),
(129, 70, 1, 1),
(130, 71, 1, 1),
(131, 72, 3, 1),
(132, 72, 1, 1),
(133, 72, 2, 1),
(134, 73, 1, 1),
(135, 73, 2, 1),
(136, 73, 3, 1),
(137, 74, 1, 1),
(138, 74, 3, 1),
(139, 74, 2, 1),
(140, 75, 2, 1),
(141, 75, 3, 1),
(142, 75, 1, 1),
(143, 76, 2, 1),
(144, 76, 1, 1),
(145, 77, 2, 1),
(146, 77, 3, 1),
(147, 77, 1, 1),
(148, 78, 2, 1),
(149, 78, 1, 1),
(150, 78, 3, 1),
(151, 79, 1, 1),
(152, 80, 2, 1),
(153, 81, 1, 1),
(154, 81, 2, 1),
(155, 81, 3, 1),
(156, 82, 3, 1),
(157, 83, 2, 1),
(158, 83, 3, 1),
(159, 83, 1, 1),
(160, 84, 2, 1),
(161, 85, 1, 1),
(162, 86, 3, 1),
(163, 87, 2, 1),
(164, 87, 1, 1),
(165, 87, 3, 1),
(166, 88, 1, 1),
(167, 88, 2, 1),
(168, 89, 3, 1),
(169, 90, 3, 1),
(170, 90, 1, 1),
(171, 90, 2, 1),
(172, 91, 3, 1),
(173, 92, 1, 1),
(174, 93, 1, 1),
(175, 93, 3, 1),
(176, 93, 2, 1),
(177, 94, 3, 1),
(178, 94, 2, 1),
(179, 94, 1, 1),
(180, 95, 1, 1),
(181, 96, 1, 1),
(182, 97, 2, 1),
(183, 97, 3, 1),
(184, 97, 1, 1),
(185, 98, 3, 1),
(186, 99, 1, 1),
(187, 100, 3, 1),
(188, 101, 2, 1),
(189, 101, 1, 1),
(190, 102, 1, 1),
(191, 102, 3, 1),
(192, 102, 2, 1),
(193, 103, 1, 1),
(194, 103, 3, 1),
(195, 103, 2, 1),
(196, 104, 2, 1),
(197, 104, 1, 1),
(198, 104, 3, 1),
(199, 105, 1, 1),
(200, 106, 2, 1),
(201, 107, 2, 1),
(202, 108, 1, 1),
(203, 109, 1, 1),
(204, 109, 3, 1),
(205, 110, 2, 1),
(206, 110, 1, 1),
(207, 110, 3, 1),
(208, 111, 1, 1),
(209, 111, 2, 1),
(210, 111, 3, 1),
(211, 112, 1, 1),
(212, 113, 1, 1),
(213, 113, 3, 1),
(214, 114, 3, 1),
(215, 114, 1, 1),
(216, 115, 3, 1),
(217, 115, 1, 1),
(218, 116, 3, 1),
(219, 117, 3, 1),
(220, 117, 2, 1),
(221, 117, 1, 1),
(222, 118, 2, 1),
(223, 118, 3, 1),
(224, 119, 2, 1),
(225, 119, 1, 1),
(226, 119, 3, 1),
(227, 120, 1, 1),
(228, 120, 2, 1),
(229, 120, 3, 1),
(230, 121, 2, 1),
(231, 121, 1, 1),
(232, 121, 3, 1),
(233, 122, 3, 1),
(234, 122, 2, 1),
(235, 123, 1, 1),
(236, 123, 3, 1),
(237, 123, 2, 1),
(238, 124, 2, 1),
(239, 125, 3, 1),
(240, 125, 2, 1),
(241, 125, 1, 1),
(242, 126, 2, 1),
(243, 127, 2, 1),
(244, 127, 1, 1),
(245, 128, 2, 1),
(246, 128, 1, 1),
(247, 128, 3, 1),
(248, 129, 3, 1),
(249, 130, 1, 1),
(250, 130, 3, 1),
(251, 131, 2, 1),
(252, 131, 3, 1),
(253, 132, 3, 1),
(254, 132, 1, 1),
(255, 132, 2, 1),
(256, 133, 1, 1),
(257, 133, 2, 1),
(258, 134, 2, 1),
(259, 134, 3, 1),
(260, 135, 3, 1),
(261, 135, 1, 1),
(262, 136, 2, 1),
(263, 137, 3, 1),
(264, 137, 2, 1),
(265, 138, 3, 1),
(266, 138, 1, 1),
(267, 138, 2, 1),
(268, 139, 2, 1),
(269, 139, 1, 1),
(270, 140, 1, 1),
(271, 140, 2, 1),
(272, 141, 3, 1),
(273, 141, 2, 1),
(274, 142, 2, 1),
(275, 143, 3, 1),
(276, 143, 1, 1),
(277, 144, 1, 1),
(278, 144, 2, 1),
(279, 144, 3, 1),
(280, 145, 2, 1),
(281, 145, 3, 1),
(282, 146, 3, 1),
(283, 146, 1, 1),
(284, 146, 2, 1),
(285, 147, 3, 1),
(286, 147, 2, 1),
(287, 147, 1, 1),
(288, 148, 2, 1),
(289, 148, 3, 1),
(290, 149, 2, 1),
(291, 149, 1, 1),
(292, 150, 3, 1),
(293, 151, 3, 1),
(294, 151, 2, 1),
(295, 152, 3, 1),
(296, 152, 2, 1),
(297, 153, 1, 1),
(298, 153, 2, 1),
(299, 153, 3, 1),
(300, 154, 1, 1),
(301, 154, 2, 1),
(302, 155, 2, 1),
(303, 155, 3, 1),
(304, 155, 1, 1),
(305, 156, 1, 1),
(306, 156, 3, 1),
(307, 156, 2, 1),
(308, 157, 2, 1),
(309, 157, 3, 1),
(310, 158, 1, 1),
(311, 158, 2, 1),
(312, 158, 3, 1),
(313, 159, 2, 1),
(314, 160, 2, 1),
(315, 160, 3, 1),
(316, 161, 3, 1),
(317, 161, 2, 1),
(318, 162, 1, 1),
(319, 163, 3, 1),
(320, 163, 1, 1),
(321, 164, 2, 1),
(322, 165, 2, 1),
(323, 165, 3, 1),
(324, 165, 1, 1),
(325, 166, 2, 1),
(326, 167, 3, 1),
(327, 167, 1, 1),
(328, 167, 2, 1),
(329, 168, 1, 1),
(330, 168, 3, 1),
(331, 168, 2, 1),
(332, 169, 3, 1),
(333, 169, 2, 1),
(334, 169, 1, 1),
(335, 170, 3, 1),
(336, 170, 1, 1),
(337, 170, 2, 1),
(338, 171, 2, 1),
(339, 171, 1, 1),
(340, 172, 3, 1),
(341, 172, 2, 1),
(342, 173, 3, 1),
(343, 174, 1, 1),
(344, 175, 2, 1),
(345, 176, 1, 1),
(346, 176, 3, 1),
(347, 177, 1, 1),
(348, 177, 3, 1),
(349, 178, 3, 1),
(350, 178, 1, 1),
(351, 178, 2, 1),
(352, 179, 1, 1),
(353, 179, 3, 1),
(354, 180, 3, 1),
(355, 180, 1, 1),
(356, 181, 1, 1),
(357, 181, 3, 1),
(358, 181, 2, 1),
(359, 182, 3, 1),
(360, 182, 2, 1),
(361, 182, 1, 1),
(362, 183, 1, 1),
(363, 184, 3, 1),
(364, 184, 1, 1),
(365, 184, 2, 1),
(366, 185, 3, 1),
(367, 185, 2, 1),
(368, 185, 1, 1),
(369, 186, 2, 1),
(370, 186, 3, 1),
(371, 187, 3, 1),
(372, 188, 3, 1),
(373, 188, 2, 1),
(374, 188, 1, 1),
(375, 189, 1, 1),
(376, 190, 2, 1),
(377, 190, 1, 1),
(378, 190, 3, 1),
(379, 191, 1, 1),
(380, 191, 3, 1),
(381, 191, 2, 1),
(382, 192, 1, 1),
(383, 193, 3, 1),
(384, 194, 3, 1),
(385, 194, 4, 1),
(386, 195, 3, 1),
(387, 195, 4, 1),
(388, 196, 3, 1),
(389, 196, 4, 1),
(390, 197, 4, 1),
(391, 198, 3, 1),
(392, 199, 4, 1),
(393, 200, 4, 1),
(394, 200, 3, 1),
(395, 201, 3, 1),
(396, 201, 4, 1),
(397, 202, 3, 1),
(398, 202, 4, 1),
(399, 203, 3, 1),
(400, 203, 4, 1),
(401, 204, 3, 1),
(402, 204, 4, 1),
(403, 205, 4, 1),
(404, 205, 3, 1),
(405, 206, 3, 1),
(406, 207, 4, 1),
(407, 207, 3, 1),
(408, 208, 4, 1),
(409, 208, 3, 1),
(410, 209, 3, 1),
(411, 209, 4, 1),
(412, 210, 4, 1),
(413, 210, 3, 1),
(414, 211, 3, 1),
(415, 212, 4, 1),
(416, 212, 3, 1),
(417, 213, 3, 1),
(418, 214, 4, 1),
(419, 215, 3, 1),
(420, 215, 4, 1),
(421, 216, 3, 1),
(422, 216, 4, 1),
(423, 217, 4, 1),
(424, 217, 3, 1),
(425, 218, 3, 1),
(426, 218, 4, 1),
(427, 219, 4, 1),
(428, 219, 3, 1),
(429, 220, 4, 1),
(430, 220, 3, 1),
(431, 221, 4, 1),
(432, 222, 4, 1),
(433, 222, 3, 1),
(434, 223, 3, 1),
(435, 224, 4, 1),
(436, 224, 3, 1),
(437, 225, 4, 1),
(438, 225, 3, 1),
(439, 226, 3, 1),
(440, 227, 3, 1),
(441, 228, 3, 1),
(442, 229, 2, 1),
(443, 230, 2, 1),
(444, 231, 1, 1),
(445, 232, 4, 1),
(446, 233, 4, 1),
(447, 233, 1, 1),
(448, 234, 1, 1),
(449, 235, 2, 1),
(450, 236, 1, 1),
(451, 237, 2, 1),
(452, 237, 1, 1),
(453, 238, 2, 1),
(454, 238, 1, 1),
(455, 239, 1, 1),
(456, 239, 2, 1),
(457, 240, 2, 1),
(458, 240, 1, 1),
(459, 241, 1, 1),
(460, 241, 2, 1),
(461, 242, 1, 1),
(462, 242, 2, 1),
(463, 243, 1, 1),
(464, 243, 2, 1),
(465, 244, 1, 1),
(466, 244, 2, 1),
(467, 245, 1, 1),
(468, 246, 2, 1),
(469, 246, 1, 1),
(470, 247, 2, 1),
(471, 248, 2, 1),
(472, 248, 1, 1),
(473, 249, 1, 1),
(474, 250, 2, 1),
(475, 250, 1, 1),
(476, 251, 1, 1),
(477, 251, 2, 1),
(478, 252, 2, 1),
(479, 252, 1, 1),
(480, 253, 3, 1),
(481, 254, 4, 1),
(482, 254, 3, 1),
(483, 255, 3, 1),
(484, 255, 4, 1),
(485, 256, 3, 1),
(486, 256, 4, 1),
(487, 257, 3, 1),
(488, 257, 4, 1),
(489, 258, 3, 1),
(490, 258, 4, 1),
(491, 259, 4, 1),
(492, 260, 3, 1),
(493, 260, 4, 1),
(494, 261, 4, 1),
(495, 262, 3, 1),
(496, 263, 3, 1),
(497, 264, 4, 1),
(498, 265, 3, 1),
(499, 265, 4, 1),
(500, 266, 3, 1),
(501, 266, 4, 1),
(502, 267, 4, 1),
(503, 267, 3, 1),
(504, 268, 2, 1),
(505, 269, 2, 1),
(506, 269, 1, 1),
(507, 270, 1, 1),
(508, 270, 2, 1),
(509, 271, 1, 1),
(510, 272, 1, 1),
(511, 273, 2, 1),
(512, 273, 1, 1),
(513, 274, 1, 1),
(514, 275, 1, 1),
(515, 276, 2, 1),
(516, 277, 2, 1),
(517, 277, 1, 1),
(518, 278, 1, 1),
(519, 279, 2, 1),
(520, 279, 1, 1),
(521, 280, 1, 1),
(522, 280, 2, 1),
(523, 281, 2, 1),
(524, 282, 1, 1),
(525, 283, 1, 1),
(526, 283, 2, 1),
(527, 284, 1, 1),
(528, 284, 2, 1),
(529, 285, 2, 1),
(530, 285, 1, 1);

-- --------------------------------------------------------

--
-- Estructura de tabla para la tabla `estado_pedido`
--

CREATE TABLE `estado_pedido` (
  `id_estado` int(11) NOT NULL,
  `nombre` varchar(50) NOT NULL
) ENGINE=InnoDB DEFAULT CHARSET=utf8mb4 COLLATE=utf8mb4_general_ci;

--
-- Volcado de datos para la tabla `estado_pedido`
--

INSERT INTO `estado_pedido` (`id_estado`, `nombre`) VALUES
(5, 'CANCELADA'),
(4, 'ENTREGADO'),
(3, 'EN_HORNO'),
(6, 'NO_ENTREGADO'),
(2, 'PREPARANDO'),
(1, 'RECIBIDA');

-- --------------------------------------------------------

--
-- Estructura de tabla para la tabla `historial_estado`
--

CREATE TABLE `historial_estado` (
  `id_historial` int(11) NOT NULL,
  `id_pedido` int(11) NOT NULL,
  `id_estado` int(11) NOT NULL,
  `fecha_cambio` datetime NOT NULL
) ENGINE=InnoDB DEFAULT CHARSET=utf8mb4 COLLATE=utf8mb4_general_ci;

--
-- Volcado de datos para la tabla `historial_estado`
--

INSERT INTO `historial_estado` (`id_historial`, `id_pedido`, `id_estado`, `fecha_cambio`) VALUES
(1, 4, 1, '2026-03-07 20:49:55'),
(2, 5, 1, '2026-03-07 20:50:05'),
(3, 6, 1, '2026-03-07 20:50:15'),
(4, 7, 1, '2026-03-07 20:50:25'),
(5, 8, 1, '2026-03-07 20:50:35'),
(6, 9, 1, '2026-03-07 20:50:45'),
(7, 10, 1, '2026-03-07 20:50:55'),
(8, 11, 1, '2026-03-07 21:26:33'),
(9, 12, 1, '2026-03-07 21:26:43'),
(10, 13, 1, '2026-03-07 21:26:53'),
(11, 14, 1, '2026-03-07 21:27:03'),
(12, 15, 1, '2026-03-07 23:02:44'),
(13, 16, 1, '2026-03-07 23:02:54'),
(14, 17, 1, '2026-03-07 23:03:04'),
(15, 18, 1, '2026-03-07 23:03:14'),
(16, 19, 1, '2026-03-07 23:03:24'),
(17, 20, 1, '2026-03-07 23:03:34'),
(18, 21, 1, '2026-03-07 23:03:44'),
(19, 22, 1, '2026-03-07 23:03:54'),
(20, 23, 1, '2026-03-07 23:48:53'),
(21, 24, 1, '2026-03-07 23:49:03'),
(22, 25, 1, '2026-03-07 23:49:13'),
(23, 26, 1, '2026-03-07 23:49:23'),
(24, 27, 1, '2026-03-07 23:49:33'),
(25, 28, 1, '2026-03-07 23:49:43'),
(26, 29, 1, '2026-03-07 23:50:13'),
(27, 30, 1, '2026-03-07 23:50:23'),
(28, 31, 1, '2026-03-07 23:50:33'),
(29, 32, 1, '2026-03-09 08:57:42'),
(30, 33, 1, '2026-03-09 08:57:51'),
(31, 34, 1, '2026-03-09 08:58:01'),
(32, 35, 1, '2026-03-09 08:58:11'),
(33, 36, 1, '2026-03-09 09:09:14'),
(34, 37, 1, '2026-03-09 09:09:24'),
(35, 38, 1, '2026-03-09 09:09:34'),
(36, 39, 1, '2026-03-09 09:09:44'),
(37, 40, 1, '2026-03-09 09:09:54'),
(38, 41, 1, '2026-03-09 09:10:04'),
(39, 42, 1, '2026-03-09 09:10:14'),
(40, 43, 1, '2026-03-09 09:10:24'),
(41, 44, 1, '2026-03-09 09:10:34'),
(42, 45, 1, '2026-03-09 09:10:44'),
(43, 46, 1, '2026-03-09 09:10:54'),
(44, 47, 1, '2026-03-09 09:11:24'),
(45, 48, 1, '2026-03-09 09:11:34'),
(46, 49, 1, '2026-03-09 09:11:44'),
(47, 50, 1, '2026-03-09 09:11:54'),
(48, 51, 1, '2026-03-09 09:12:04'),
(49, 52, 1, '2026-03-09 09:21:48'),
(50, 53, 1, '2026-03-09 09:21:58'),
(51, 54, 1, '2026-03-09 09:22:08'),
(52, 55, 1, '2026-03-09 09:22:18'),
(53, 56, 1, '2026-03-09 09:22:28'),
(54, 57, 1, '2026-03-09 09:22:38'),
(55, 58, 1, '2026-03-09 09:23:08'),
(56, 59, 1, '2026-03-09 09:23:18'),
(57, 60, 1, '2026-03-09 09:23:28'),
(58, 61, 1, '2026-03-09 09:23:38'),
(59, 62, 1, '2026-03-09 09:23:48'),
(60, 63, 1, '2026-03-09 09:24:18'),
(61, 64, 1, '2026-03-09 09:24:28'),
(62, 65, 1, '2026-03-09 09:24:38'),
(63, 66, 1, '2026-03-09 09:26:40'),
(64, 67, 1, '2026-03-09 09:26:50'),
(65, 68, 1, '2026-03-09 09:27:00'),
(66, 69, 1, '2026-03-09 09:27:10'),
(67, 70, 1, '2026-03-09 09:27:20'),
(68, 71, 1, '2026-03-09 09:27:30'),
(69, 72, 1, '2026-03-09 09:27:40'),
(70, 73, 1, '2026-03-09 09:27:50'),
(71, 74, 1, '2026-03-09 09:28:00'),
(72, 75, 1, '2026-03-09 09:28:10'),
(73, 76, 1, '2026-03-09 09:28:20'),
(74, 77, 1, '2026-03-09 09:28:30'),
(75, 78, 1, '2026-03-09 09:28:40'),
(76, 79, 1, '2026-03-09 09:28:50'),
(77, 80, 1, '2026-03-09 09:29:00'),
(78, 81, 1, '2026-03-09 09:29:30'),
(79, 82, 1, '2026-03-09 10:58:07'),
(80, 82, 2, '2026-03-09 10:58:11'),
(81, 83, 1, '2026-03-09 10:58:17'),
(82, 83, 2, '2026-03-09 10:58:19'),
(83, 83, 5, '2026-03-09 10:58:27'),
(84, 84, 1, '2026-03-09 10:58:27'),
(85, 82, 3, '2026-03-09 10:58:31'),
(86, 82, 4, '2026-03-09 10:58:32'),
(87, 85, 1, '2026-03-09 10:58:37'),
(88, 84, 2, '2026-03-09 10:58:38'),
(89, 84, 3, '2026-03-09 10:58:39'),
(90, 84, 4, '2026-03-09 10:58:40'),
(91, 86, 1, '2026-03-09 10:58:47'),
(92, 87, 1, '2026-03-09 10:58:57'),
(93, 85, 2, '2026-03-09 10:59:03'),
(94, 85, 3, '2026-03-09 10:59:04'),
(95, 85, 4, '2026-03-09 10:59:05'),
(96, 88, 1, '2026-03-09 10:59:07'),
(97, 89, 1, '2026-03-09 10:59:17'),
(98, 90, 1, '2026-03-09 10:59:27'),
(99, 86, 2, '2026-03-09 10:59:38'),
(100, 86, 3, '2026-03-09 10:59:40'),
(101, 86, 6, '2026-03-09 10:59:47'),
(102, 91, 1, '2026-03-09 10:59:57'),
(103, 87, 6, '2026-03-09 10:59:57'),
(104, 92, 1, '2026-03-09 11:00:07'),
(105, 88, 6, '2026-03-09 11:00:07'),
(106, 93, 1, '2026-03-09 11:00:17'),
(107, 89, 6, '2026-03-09 11:00:17'),
(108, 90, 5, '2026-03-09 11:00:20'),
(109, 92, 2, '2026-03-09 11:00:21'),
(110, 92, 3, '2026-03-09 11:00:22'),
(111, 92, 4, '2026-03-09 11:00:22'),
(112, 93, 2, '2026-03-09 11:00:24'),
(113, 93, 3, '2026-03-09 11:00:24'),
(114, 93, 4, '2026-03-09 11:00:25'),
(115, 91, 2, '2026-03-09 11:00:26'),
(116, 91, 3, '2026-03-09 11:00:26'),
(117, 91, 4, '2026-03-09 11:00:27'),
(118, 94, 1, '2026-03-09 11:00:27'),
(119, 94, 5, '2026-03-09 11:00:34'),
(120, 95, 1, '2026-03-09 11:00:37'),
(121, 96, 1, '2026-03-09 11:00:47'),
(122, 97, 1, '2026-03-09 11:00:57'),
(123, 95, 6, '2026-03-09 11:01:37'),
(124, 96, 6, '2026-03-09 11:01:47'),
(125, 97, 6, '2026-03-09 11:01:57'),
(126, 98, 1, '2026-03-09 12:05:20'),
(127, 98, 2, '2026-03-09 12:05:26'),
(128, 99, 1, '2026-03-09 12:05:30'),
(129, 99, 2, '2026-03-09 12:05:32'),
(130, 99, 3, '2026-03-09 12:05:34'),
(131, 100, 1, '2026-03-09 12:05:40'),
(132, 100, 2, '2026-03-09 12:05:41'),
(133, 100, 3, '2026-03-09 12:05:43'),
(134, 100, 4, '2026-03-09 12:05:43'),
(135, 101, 1, '2026-03-09 12:05:50'),
(136, 101, 5, '2026-03-09 12:05:53'),
(137, 102, 1, '2026-03-09 12:06:00'),
(138, 102, 2, '2026-03-09 12:06:01'),
(139, 102, 3, '2026-03-09 12:06:02'),
(140, 102, 4, '2026-03-09 12:06:03'),
(141, 103, 1, '2026-03-09 12:06:10'),
(142, 98, 3, '2026-03-09 12:06:12'),
(143, 98, 4, '2026-03-09 12:06:15'),
(144, 103, 2, '2026-03-09 12:06:19'),
(145, 103, 3, '2026-03-09 12:06:19'),
(146, 103, 4, '2026-03-09 12:06:19'),
(147, 104, 1, '2026-03-09 12:06:20'),
(148, 104, 2, '2026-03-09 12:06:25'),
(149, 104, 3, '2026-03-09 12:06:26'),
(150, 105, 1, '2026-03-09 12:06:30'),
(151, 99, 6, '2026-03-09 12:06:31'),
(152, 106, 1, '2026-03-09 12:06:40'),
(153, 107, 1, '2026-03-09 12:06:50'),
(154, 105, 5, '2026-03-09 12:06:54'),
(155, 106, 2, '2026-03-09 12:06:56'),
(156, 106, 3, '2026-03-09 12:06:56'),
(157, 106, 4, '2026-03-09 12:06:56'),
(158, 107, 2, '2026-03-09 12:07:00'),
(159, 108, 1, '2026-03-09 12:07:00'),
(160, 107, 3, '2026-03-09 12:07:01'),
(161, 107, 4, '2026-03-09 12:07:01'),
(162, 108, 2, '2026-03-09 12:07:04'),
(163, 108, 3, '2026-03-09 12:07:04'),
(164, 108, 4, '2026-03-09 12:07:04'),
(165, 109, 1, '2026-03-09 12:07:10'),
(166, 110, 1, '2026-03-09 12:07:20'),
(167, 104, 6, '2026-03-09 12:07:21'),
(168, 110, 2, '2026-03-09 12:07:26'),
(169, 111, 1, '2026-03-09 12:07:30'),
(170, 112, 1, '2026-03-09 12:07:40'),
(171, 113, 1, '2026-03-09 12:07:50'),
(172, 109, 6, '2026-03-09 12:08:11'),
(173, 110, 6, '2026-03-09 12:08:21'),
(174, 111, 6, '2026-03-09 12:08:31'),
(175, 112, 6, '2026-03-09 12:08:41'),
(176, 113, 6, '2026-03-09 12:08:51'),
(177, 114, 1, '2026-03-09 16:54:07'),
(178, 115, 1, '2026-03-09 16:54:17'),
(179, 114, 2, '2026-03-09 16:54:19'),
(180, 114, 3, '2026-03-09 16:54:20'),
(181, 114, 4, '2026-03-09 16:54:20'),
(182, 115, 2, '2026-03-09 16:54:22'),
(183, 115, 3, '2026-03-09 16:54:23'),
(184, 115, 4, '2026-03-09 16:54:23'),
(185, 116, 1, '2026-03-09 16:54:27'),
(186, 116, 2, '2026-03-09 16:54:29'),
(187, 116, 3, '2026-03-09 16:54:30'),
(188, 116, 4, '2026-03-09 16:54:32'),
(189, 117, 1, '2026-03-09 16:54:37'),
(190, 117, 2, '2026-03-09 16:54:38'),
(191, 117, 3, '2026-03-09 16:54:38'),
(192, 118, 1, '2026-03-09 16:54:47'),
(193, 118, 2, '2026-03-09 16:54:56'),
(194, 119, 1, '2026-03-09 16:54:57'),
(195, 120, 1, '2026-03-09 16:55:07'),
(196, 120, 2, '2026-03-09 16:55:11'),
(197, 121, 1, '2026-03-09 16:55:17'),
(198, 119, 2, '2026-03-09 16:55:17'),
(199, 118, 3, '2026-03-09 16:55:22'),
(200, 117, 6, '2026-03-09 16:55:37'),
(201, 118, 5, '2026-03-09 16:55:45'),
(202, 122, 1, '2026-03-09 16:55:47'),
(203, 119, 3, '2026-03-09 16:55:52'),
(204, 119, 4, '2026-03-09 16:55:52'),
(205, 120, 3, '2026-03-09 16:55:54'),
(206, 120, 4, '2026-03-09 16:55:55'),
(207, 123, 1, '2026-03-09 16:55:57'),
(208, 121, 2, '2026-03-09 16:55:57'),
(209, 121, 3, '2026-03-09 16:55:57'),
(210, 121, 4, '2026-03-09 16:55:57'),
(211, 122, 2, '2026-03-09 16:55:59'),
(212, 123, 2, '2026-03-09 16:56:00'),
(213, 124, 1, '2026-03-09 16:56:07'),
(214, 125, 1, '2026-03-09 16:56:17'),
(215, 126, 1, '2026-03-09 16:56:27'),
(216, 122, 3, '2026-03-09 16:56:44'),
(217, 123, 3, '2026-03-09 16:56:45'),
(218, 122, 6, '2026-03-09 16:56:47'),
(219, 123, 4, '2026-03-09 16:56:54'),
(220, 127, 1, '2026-03-09 16:56:57'),
(221, 128, 1, '2026-03-09 17:07:02'),
(222, 128, 2, '2026-03-09 17:07:05'),
(223, 128, 3, '2026-03-09 17:07:06'),
(224, 128, 4, '2026-03-09 17:07:06'),
(225, 129, 1, '2026-03-09 17:07:12'),
(226, 130, 1, '2026-03-09 17:07:22'),
(227, 131, 1, '2026-03-09 17:07:32'),
(228, 129, 2, '2026-03-09 17:07:33'),
(229, 129, 3, '2026-03-09 17:07:35'),
(230, 130, 2, '2026-03-09 17:07:37'),
(231, 132, 1, '2026-03-09 17:07:42'),
(232, 129, 5, '2026-03-09 17:07:48'),
(233, 133, 1, '2026-03-09 17:07:52'),
(234, 131, 2, '2026-03-09 17:07:54'),
(235, 131, 3, '2026-03-09 17:07:55'),
(236, 131, 4, '2026-03-09 17:07:55'),
(237, 134, 1, '2026-03-09 17:08:02'),
(238, 135, 1, '2026-03-09 17:08:12'),
(239, 130, 6, '2026-03-09 17:08:22'),
(240, 136, 1, '2026-03-09 17:08:32'),
(241, 132, 2, '2026-03-09 17:08:34'),
(242, 132, 3, '2026-03-09 17:08:38'),
(243, 132, 6, '2026-03-09 17:08:42'),
(244, 132, 4, '2026-03-09 17:08:42'),
(245, 137, 1, '2026-03-09 17:08:52'),
(246, 133, 6, '2026-03-09 17:08:52'),
(247, 138, 1, '2026-03-09 17:09:02'),
(248, 134, 6, '2026-03-09 17:09:02'),
(249, 139, 1, '2026-03-09 17:09:12'),
(250, 135, 6, '2026-03-09 17:09:12'),
(251, 136, 2, '2026-03-09 17:09:18'),
(252, 140, 1, '2026-03-09 17:09:22'),
(253, 136, 3, '2026-03-09 17:09:22'),
(254, 136, 4, '2026-03-09 17:09:29'),
(255, 141, 1, '2026-03-09 17:09:32'),
(256, 137, 2, '2026-03-09 17:09:45'),
(257, 137, 3, '2026-03-09 17:09:45'),
(258, 137, 4, '2026-03-09 17:09:46'),
(259, 138, 2, '2026-03-09 17:09:48'),
(260, 138, 3, '2026-03-09 17:09:48'),
(261, 138, 4, '2026-03-09 17:09:48'),
(262, 139, 2, '2026-03-09 17:09:51'),
(263, 139, 3, '2026-03-09 17:09:51'),
(264, 142, 1, '2026-03-09 17:09:52'),
(265, 139, 4, '2026-03-09 17:09:52'),
(266, 140, 2, '2026-03-09 17:09:54'),
(267, 140, 3, '2026-03-09 17:09:54'),
(268, 140, 4, '2026-03-09 17:09:55'),
(269, 143, 1, '2026-03-09 17:19:38'),
(270, 143, 2, '2026-03-09 17:19:39'),
(271, 143, 3, '2026-03-09 17:19:39'),
(272, 143, 4, '2026-03-09 17:19:39'),
(273, 144, 1, '2026-03-09 17:19:48'),
(274, 145, 1, '2026-03-09 17:19:58'),
(275, 144, 2, '2026-03-09 17:20:03'),
(276, 144, 3, '2026-03-09 17:20:03'),
(277, 145, 2, '2026-03-09 17:20:04'),
(278, 146, 1, '2026-03-09 17:20:08'),
(279, 147, 1, '2026-03-09 17:20:18'),
(280, 148, 1, '2026-03-09 17:20:28'),
(281, 148, 2, '2026-03-09 17:20:44'),
(282, 144, 4, '2026-03-09 17:20:48'),
(283, 149, 1, '2026-03-09 17:20:48'),
(284, 145, 6, '2026-03-09 17:20:59'),
(285, 146, 5, '2026-03-09 17:21:08'),
(286, 150, 1, '2026-03-09 17:21:08'),
(287, 151, 1, '2026-03-09 17:21:18'),
(288, 147, 6, '2026-03-09 17:21:19'),
(289, 148, 3, '2026-03-09 17:21:23'),
(290, 148, 4, '2026-03-09 17:21:24'),
(291, 149, 2, '2026-03-09 17:21:25'),
(292, 149, 3, '2026-03-09 17:21:26'),
(293, 149, 4, '2026-03-09 17:21:26'),
(294, 150, 2, '2026-03-09 17:21:28'),
(295, 152, 1, '2026-03-09 17:21:28'),
(296, 150, 3, '2026-03-09 17:21:29'),
(297, 150, 4, '2026-03-09 17:21:29'),
(298, 151, 2, '2026-03-09 17:21:31'),
(299, 151, 3, '2026-03-09 17:21:31'),
(300, 151, 4, '2026-03-09 17:21:31'),
(301, 152, 2, '2026-03-09 17:21:34'),
(302, 152, 3, '2026-03-09 17:21:34'),
(303, 152, 4, '2026-03-09 17:21:34'),
(304, 153, 1, '2026-03-09 17:21:38'),
(305, 153, 2, '2026-03-09 17:21:46'),
(306, 153, 3, '2026-03-09 17:21:46'),
(307, 153, 4, '2026-03-09 17:21:46'),
(308, 154, 1, '2026-03-09 17:21:48'),
(309, 154, 2, '2026-03-09 17:21:50'),
(310, 154, 3, '2026-03-09 17:21:50'),
(311, 154, 4, '2026-03-09 17:21:50'),
(312, 155, 1, '2026-03-09 17:21:58'),
(313, 155, 2, '2026-03-09 17:22:03'),
(314, 155, 3, '2026-03-09 17:22:03'),
(315, 155, 4, '2026-03-09 17:22:04'),
(316, 156, 1, '2026-03-09 17:22:08'),
(317, 157, 1, '2026-03-09 17:22:18'),
(318, 158, 1, '2026-03-09 17:22:28'),
(319, 159, 1, '2026-03-09 18:15:28'),
(320, 160, 1, '2026-03-10 01:02:54'),
(321, 160, 2, '2026-03-10 01:02:55'),
(322, 160, 3, '2026-03-10 01:02:56'),
(323, 160, 4, '2026-03-10 01:02:57'),
(324, 161, 1, '2026-03-10 01:03:04'),
(325, 161, 2, '2026-03-10 01:03:08'),
(326, 161, 3, '2026-03-10 01:03:09'),
(327, 162, 1, '2026-03-10 01:03:14'),
(328, 162, 2, '2026-03-10 01:03:15'),
(329, 162, 5, '2026-03-10 01:03:15'),
(330, 163, 1, '2026-03-10 01:03:24'),
(331, 164, 1, '2026-03-10 01:03:34'),
(332, 161, 4, '2026-03-10 01:03:38'),
(333, 163, 2, '2026-03-10 01:03:42'),
(334, 163, 3, '2026-03-10 01:03:43'),
(335, 165, 1, '2026-03-10 01:03:44'),
(336, 163, 4, '2026-03-10 01:03:44'),
(337, 166, 1, '2026-03-10 01:03:54'),
(338, 166, 2, '2026-03-10 01:04:03'),
(339, 167, 1, '2026-03-10 01:04:04'),
(340, 166, 3, '2026-03-10 01:04:04'),
(341, 166, 4, '2026-03-10 01:04:06'),
(342, 164, 2, '2026-03-10 01:04:11'),
(343, 164, 3, '2026-03-10 01:04:12'),
(344, 168, 1, '2026-03-10 01:04:14'),
(345, 165, 5, '2026-03-10 01:04:15'),
(346, 167, 5, '2026-03-10 01:04:18'),
(347, 168, 2, '2026-03-10 01:04:20'),
(348, 168, 3, '2026-03-10 01:04:21'),
(349, 168, 4, '2026-03-10 01:04:22'),
(350, 169, 1, '2026-03-10 01:04:24'),
(351, 169, 2, '2026-03-10 01:04:26'),
(352, 169, 3, '2026-03-10 01:04:26'),
(353, 169, 4, '2026-03-10 01:04:26'),
(354, 170, 1, '2026-03-10 01:04:34'),
(355, 164, 6, '2026-03-10 01:04:34'),
(356, 170, 2, '2026-03-10 01:04:37'),
(357, 170, 3, '2026-03-10 01:04:37'),
(358, 170, 4, '2026-03-10 01:04:38'),
(359, 171, 1, '2026-03-10 01:04:44'),
(360, 172, 1, '2026-03-10 01:04:54'),
(361, 173, 1, '2026-03-10 01:05:04'),
(362, 174, 1, '2026-03-10 01:05:14'),
(363, 175, 1, '2026-03-10 01:05:24'),
(364, 171, 6, '2026-03-10 01:05:44'),
(365, 176, 1, '2026-03-10 01:19:11'),
(366, 176, 2, '2026-03-10 01:19:17'),
(367, 176, 3, '2026-03-10 01:19:19'),
(368, 177, 1, '2026-03-10 01:19:21'),
(369, 176, 4, '2026-03-10 01:19:23'),
(370, 177, 2, '2026-03-10 01:19:26'),
(371, 177, 3, '2026-03-10 01:19:26'),
(372, 178, 1, '2026-03-10 01:19:31'),
(373, 178, 5, '2026-03-10 01:19:32'),
(374, 179, 1, '2026-03-10 01:19:41'),
(375, 180, 1, '2026-03-10 01:19:51'),
(376, 177, 4, '2026-03-10 01:19:57'),
(377, 180, 2, '2026-03-10 01:20:00'),
(378, 180, 3, '2026-03-10 01:20:00'),
(379, 180, 4, '2026-03-10 01:20:01'),
(380, 181, 1, '2026-03-10 01:20:01'),
(381, 181, 2, '2026-03-10 01:20:04'),
(382, 181, 3, '2026-03-10 01:20:04'),
(383, 181, 4, '2026-03-10 01:20:04'),
(384, 182, 1, '2026-03-10 01:20:11'),
(385, 182, 2, '2026-03-10 01:20:11'),
(386, 182, 3, '2026-03-10 01:20:12'),
(387, 182, 4, '2026-03-10 01:20:12'),
(388, 183, 1, '2026-03-10 01:20:21'),
(389, 183, 2, '2026-03-10 01:20:21'),
(390, 183, 3, '2026-03-10 01:20:21'),
(391, 183, 4, '2026-03-10 01:20:22'),
(392, 184, 1, '2026-03-10 01:20:31'),
(393, 184, 2, '2026-03-10 01:20:37'),
(394, 184, 3, '2026-03-10 01:20:37'),
(395, 184, 4, '2026-03-10 01:20:37'),
(396, 185, 1, '2026-03-10 01:20:41'),
(397, 179, 6, '2026-03-10 01:20:41'),
(398, 185, 2, '2026-03-10 01:20:44'),
(399, 185, 3, '2026-03-10 01:20:44'),
(400, 185, 4, '2026-03-10 01:20:44'),
(401, 186, 1, '2026-03-10 01:20:51'),
(402, 187, 1, '2026-03-10 01:21:01'),
(403, 188, 1, '2026-03-10 01:21:11'),
(404, 189, 1, '2026-03-10 01:21:21'),
(405, 187, 2, '2026-03-10 01:21:24'),
(406, 187, 3, '2026-03-10 01:21:24'),
(407, 187, 4, '2026-03-10 01:21:24'),
(408, 189, 2, '2026-03-10 01:21:26'),
(409, 189, 3, '2026-03-10 01:21:27'),
(410, 189, 4, '2026-03-10 01:21:27'),
(411, 190, 1, '2026-03-10 01:21:31'),
(412, 191, 1, '2026-03-10 01:21:41'),
(413, 191, 2, '2026-03-10 01:21:50'),
(414, 191, 3, '2026-03-10 01:21:50'),
(415, 191, 4, '2026-03-10 01:21:50'),
(416, 192, 1, '2026-03-10 01:21:51'),
(417, 186, 6, '2026-03-10 01:21:51'),
(418, 192, 2, '2026-03-10 01:21:54'),
(419, 192, 3, '2026-03-10 01:21:54'),
(420, 192, 4, '2026-03-10 01:21:54'),
(421, 193, 1, '2026-03-10 01:22:01'),
(422, 194, 1, '2026-03-10 03:04:20'),
(423, 194, 2, '2026-03-10 03:04:21'),
(424, 194, 3, '2026-03-10 03:04:22'),
(425, 194, 4, '2026-03-10 03:04:22'),
(426, 195, 1, '2026-03-10 03:04:30'),
(427, 195, 2, '2026-03-10 03:04:31'),
(428, 195, 3, '2026-03-10 03:04:31'),
(429, 195, 4, '2026-03-10 03:04:31'),
(430, 196, 1, '2026-03-10 03:04:40'),
(431, 196, 2, '2026-03-10 03:04:42'),
(432, 196, 3, '2026-03-10 03:04:42'),
(433, 196, 4, '2026-03-10 03:04:42'),
(434, 197, 1, '2026-03-10 03:04:50'),
(435, 197, 2, '2026-03-10 03:04:51'),
(436, 197, 3, '2026-03-10 03:04:51'),
(437, 197, 4, '2026-03-10 03:04:51'),
(438, 198, 1, '2026-03-10 03:05:00'),
(439, 198, 2, '2026-03-10 03:05:02'),
(440, 198, 3, '2026-03-10 03:05:02'),
(441, 198, 4, '2026-03-10 03:05:02'),
(442, 199, 1, '2026-03-10 03:05:10'),
(443, 199, 2, '2026-03-10 03:05:11'),
(444, 199, 3, '2026-03-10 03:05:11'),
(445, 199, 4, '2026-03-10 03:05:11'),
(446, 200, 1, '2026-03-10 03:05:20'),
(447, 200, 2, '2026-03-10 03:05:21'),
(448, 200, 3, '2026-03-10 03:05:21'),
(449, 200, 4, '2026-03-10 03:05:21'),
(450, 201, 1, '2026-03-10 03:05:30'),
(451, 201, 2, '2026-03-10 03:05:31'),
(452, 201, 3, '2026-03-10 03:05:31'),
(453, 201, 4, '2026-03-10 03:05:32'),
(454, 202, 1, '2026-03-10 03:05:40'),
(455, 202, 2, '2026-03-10 03:05:41'),
(456, 202, 3, '2026-03-10 03:05:41'),
(457, 202, 4, '2026-03-10 03:05:41'),
(458, 203, 1, '2026-03-10 03:05:50'),
(459, 203, 2, '2026-03-10 03:05:55'),
(460, 203, 3, '2026-03-10 03:05:55'),
(461, 203, 4, '2026-03-10 03:05:56'),
(462, 204, 1, '2026-03-10 03:06:00'),
(463, 204, 2, '2026-03-10 03:06:04'),
(464, 204, 3, '2026-03-10 03:06:04'),
(465, 204, 4, '2026-03-10 03:06:05'),
(466, 205, 1, '2026-03-10 03:06:10'),
(467, 205, 2, '2026-03-10 03:06:11'),
(468, 205, 3, '2026-03-10 03:06:11'),
(469, 205, 4, '2026-03-10 03:06:12'),
(470, 206, 1, '2026-03-10 03:06:20'),
(471, 206, 2, '2026-03-10 03:06:21'),
(472, 206, 3, '2026-03-10 03:06:21'),
(473, 206, 4, '2026-03-10 03:06:21'),
(474, 207, 1, '2026-03-10 03:06:30'),
(475, 207, 2, '2026-03-10 03:06:31'),
(476, 207, 3, '2026-03-10 03:06:31'),
(477, 207, 4, '2026-03-10 03:06:31'),
(478, 208, 1, '2026-03-10 03:06:40'),
(479, 208, 2, '2026-03-10 03:06:41'),
(480, 208, 3, '2026-03-10 03:06:41'),
(481, 208, 4, '2026-03-10 03:06:41'),
(482, 209, 1, '2026-03-10 03:06:50'),
(483, 209, 2, '2026-03-10 03:06:54'),
(484, 209, 3, '2026-03-10 03:06:54'),
(485, 209, 4, '2026-03-10 03:06:55'),
(486, 210, 1, '2026-03-10 03:07:00'),
(487, 211, 1, '2026-03-10 03:07:10'),
(488, 212, 1, '2026-03-10 15:19:36'),
(489, 212, 2, '2026-03-10 15:19:44'),
(490, 213, 1, '2026-03-10 15:19:46'),
(491, 212, 3, '2026-03-10 15:19:49'),
(492, 214, 1, '2026-03-10 15:19:56'),
(493, 212, 4, '2026-03-10 15:19:58'),
(494, 213, 2, '2026-03-10 15:20:02'),
(495, 213, 3, '2026-03-10 15:20:02'),
(496, 213, 4, '2026-03-10 15:20:02'),
(497, 214, 2, '2026-03-10 15:20:04'),
(498, 214, 3, '2026-03-10 15:20:04'),
(499, 214, 4, '2026-03-10 15:20:04'),
(500, 215, 1, '2026-03-10 15:20:06'),
(501, 215, 2, '2026-03-10 15:20:09'),
(502, 215, 3, '2026-03-10 15:20:09'),
(503, 215, 4, '2026-03-10 15:20:09'),
(504, 216, 1, '2026-03-10 15:20:16'),
(505, 216, 2, '2026-03-10 15:20:17'),
(506, 216, 3, '2026-03-10 15:20:17'),
(507, 216, 4, '2026-03-10 15:20:17'),
(508, 217, 1, '2026-03-10 15:20:26'),
(509, 218, 1, '2026-03-10 15:20:36'),
(510, 219, 1, '2026-03-10 15:20:46'),
(511, 220, 1, '2026-03-10 15:20:56'),
(512, 221, 1, '2026-03-10 15:21:06'),
(513, 217, 2, '2026-03-10 15:21:24'),
(514, 217, 3, '2026-03-10 15:21:24'),
(515, 217, 4, '2026-03-10 15:21:24'),
(516, 218, 2, '2026-03-10 15:21:26'),
(517, 218, 3, '2026-03-10 15:21:26'),
(518, 218, 4, '2026-03-10 15:21:26'),
(519, 222, 1, '2026-03-10 15:21:26'),
(520, 219, 2, '2026-03-10 15:21:27'),
(521, 219, 3, '2026-03-10 15:21:28'),
(522, 219, 4, '2026-03-10 15:21:28'),
(523, 220, 2, '2026-03-10 15:21:30'),
(524, 220, 3, '2026-03-10 15:21:30'),
(525, 220, 4, '2026-03-10 15:21:31'),
(526, 221, 2, '2026-03-10 15:21:33'),
(527, 221, 3, '2026-03-10 15:21:34'),
(528, 221, 4, '2026-03-10 15:21:34'),
(529, 223, 1, '2026-03-10 15:21:36'),
(530, 224, 1, '2026-03-10 15:21:46'),
(531, 225, 1, '2026-03-10 15:21:56'),
(532, 222, 2, '2026-03-10 15:21:58'),
(533, 222, 3, '2026-03-10 15:21:58'),
(534, 222, 4, '2026-03-10 15:21:58'),
(535, 223, 2, '2026-03-10 15:22:00'),
(536, 223, 3, '2026-03-10 15:22:00'),
(537, 223, 4, '2026-03-10 15:22:00'),
(538, 224, 2, '2026-03-10 15:22:02'),
(539, 224, 3, '2026-03-10 15:22:02'),
(540, 224, 4, '2026-03-10 15:22:02'),
(541, 225, 2, '2026-03-10 15:22:04'),
(542, 225, 3, '2026-03-10 15:22:04'),
(543, 225, 4, '2026-03-10 15:22:04'),
(544, 226, 1, '2026-03-10 15:22:06'),
(545, 226, 2, '2026-03-10 15:22:08'),
(546, 226, 3, '2026-03-10 15:22:08'),
(547, 226, 4, '2026-03-10 15:22:08'),
(548, 227, 1, '2026-03-10 15:22:16'),
(549, 227, 2, '2026-03-10 15:22:17'),
(550, 227, 3, '2026-03-10 15:22:18'),
(551, 227, 4, '2026-03-10 15:22:18'),
(552, 228, 1, '2026-03-10 15:22:26'),
(553, 228, 2, '2026-03-10 15:22:28'),
(554, 228, 3, '2026-03-10 15:22:28'),
(555, 228, 4, '2026-03-10 15:22:28'),
(556, 229, 1, '2026-03-10 20:04:51'),
(557, 229, 2, '2026-03-10 20:04:56'),
(558, 229, 3, '2026-03-10 20:04:57'),
(559, 229, 4, '2026-03-10 20:04:58'),
(560, 230, 1, '2026-03-10 20:05:01'),
(561, 231, 1, '2026-03-10 20:05:11'),
(562, 230, 2, '2026-03-10 20:05:17'),
(563, 230, 3, '2026-03-10 20:05:17'),
(564, 232, 1, '2026-03-10 20:05:21'),
(565, 230, 4, '2026-03-10 20:05:26'),
(566, 231, 5, '2026-03-10 20:05:28'),
(567, 233, 1, '2026-03-10 20:05:31'),
(568, 232, 2, '2026-03-10 20:05:31'),
(569, 233, 2, '2026-03-10 20:05:32'),
(570, 233, 3, '2026-03-10 20:05:32'),
(571, 233, 4, '2026-03-10 20:05:33'),
(572, 232, 3, '2026-03-10 20:05:35'),
(573, 232, 4, '2026-03-10 20:05:36'),
(574, 234, 1, '2026-03-10 20:08:52'),
(575, 235, 1, '2026-03-10 20:09:02'),
(576, 234, 2, '2026-03-10 20:09:06'),
(577, 234, 3, '2026-03-10 20:09:06'),
(578, 236, 1, '2026-03-10 20:09:12'),
(579, 234, 4, '2026-03-10 20:09:13'),
(580, 235, 2, '2026-03-10 20:09:17'),
(581, 235, 3, '2026-03-10 20:09:17'),
(582, 235, 4, '2026-03-10 20:09:18'),
(583, 237, 1, '2026-03-10 20:09:22'),
(584, 237, 5, '2026-03-10 20:09:25'),
(585, 238, 1, '2026-03-10 20:09:32'),
(586, 239, 1, '2026-03-10 20:09:42'),
(587, 236, 2, '2026-03-10 20:09:48'),
(588, 236, 3, '2026-03-10 20:09:49'),
(589, 236, 4, '2026-03-10 20:09:49'),
(590, 240, 1, '2026-03-10 20:09:52'),
(591, 238, 2, '2026-03-10 20:09:56'),
(592, 238, 3, '2026-03-10 20:09:56'),
(593, 238, 4, '2026-03-10 20:09:56'),
(594, 239, 2, '2026-03-10 20:09:59'),
(595, 239, 3, '2026-03-10 20:09:59'),
(596, 239, 4, '2026-03-10 20:09:59'),
(597, 240, 2, '2026-03-10 20:10:02'),
(598, 241, 1, '2026-03-10 20:10:02'),
(599, 240, 3, '2026-03-10 20:10:02'),
(600, 240, 4, '2026-03-10 20:10:02'),
(601, 241, 2, '2026-03-10 20:10:07'),
(602, 241, 3, '2026-03-10 20:10:08'),
(603, 241, 4, '2026-03-10 20:10:08'),
(604, 242, 1, '2026-03-10 20:10:12'),
(605, 242, 2, '2026-03-10 20:10:14'),
(606, 242, 3, '2026-03-10 20:10:14'),
(607, 242, 4, '2026-03-10 20:10:14'),
(608, 243, 1, '2026-03-10 20:10:22'),
(609, 243, 2, '2026-03-10 20:10:23'),
(610, 243, 3, '2026-03-10 20:10:23'),
(611, 243, 4, '2026-03-10 20:10:24'),
(612, 244, 1, '2026-03-10 20:10:32'),
(613, 244, 2, '2026-03-10 20:10:33'),
(614, 244, 3, '2026-03-10 20:10:34'),
(615, 244, 4, '2026-03-10 20:10:34'),
(616, 245, 1, '2026-03-10 20:10:42'),
(617, 245, 2, '2026-03-10 20:10:51'),
(618, 245, 3, '2026-03-10 20:10:51'),
(619, 245, 4, '2026-03-10 20:10:51'),
(620, 246, 1, '2026-03-10 20:10:52'),
(621, 246, 2, '2026-03-10 20:10:56'),
(622, 246, 3, '2026-03-10 20:10:56'),
(623, 246, 4, '2026-03-10 20:10:57'),
(624, 247, 1, '2026-03-10 20:11:02'),
(625, 247, 2, '2026-03-10 20:11:03'),
(626, 247, 3, '2026-03-10 20:11:04'),
(627, 247, 4, '2026-03-10 20:11:04'),
(628, 248, 1, '2026-03-10 20:11:12'),
(629, 248, 2, '2026-03-10 20:11:14'),
(630, 248, 3, '2026-03-10 20:11:14'),
(631, 248, 4, '2026-03-10 20:11:14'),
(632, 249, 1, '2026-03-10 20:11:22'),
(633, 249, 2, '2026-03-10 20:11:23'),
(634, 249, 3, '2026-03-10 20:11:24'),
(635, 249, 4, '2026-03-10 20:11:24'),
(636, 250, 1, '2026-03-10 20:11:32'),
(637, 250, 2, '2026-03-10 20:11:38'),
(638, 250, 3, '2026-03-10 20:11:38'),
(639, 250, 4, '2026-03-10 20:11:38'),
(640, 251, 1, '2026-03-10 20:11:42'),
(641, 252, 1, '2026-03-11 08:51:53'),
(642, 253, 1, '2026-03-11 12:03:06'),
(643, 253, 2, '2026-03-11 12:03:08'),
(644, 254, 1, '2026-03-11 12:03:11'),
(645, 254, 2, '2026-03-11 12:03:11'),
(646, 254, 3, '2026-03-11 12:03:11'),
(647, 255, 1, '2026-03-11 12:03:16'),
(648, 256, 1, '2026-03-11 12:03:21'),
(649, 257, 1, '2026-03-11 12:03:26'),
(650, 253, 3, '2026-03-11 12:03:42'),
(651, 253, 4, '2026-03-11 12:03:42'),
(652, 254, 4, '2026-03-11 12:03:45'),
(653, 258, 1, '2026-03-11 12:03:46'),
(654, 255, 5, '2026-03-11 12:03:46'),
(655, 256, 2, '2026-03-11 12:03:48'),
(656, 256, 3, '2026-03-11 12:03:48'),
(657, 256, 4, '2026-03-11 12:03:49'),
(658, 257, 2, '2026-03-11 12:03:50'),
(659, 257, 3, '2026-03-11 12:03:50'),
(660, 257, 4, '2026-03-11 12:03:51'),
(661, 259, 1, '2026-03-11 12:03:51'),
(662, 258, 2, '2026-03-11 12:03:52'),
(663, 258, 3, '2026-03-11 12:03:52'),
(664, 258, 4, '2026-03-11 12:03:52'),
(665, 259, 2, '2026-03-11 12:03:53'),
(666, 259, 3, '2026-03-11 12:03:53'),
(667, 259, 4, '2026-03-11 12:03:53'),
(668, 260, 1, '2026-03-11 12:03:56'),
(669, 260, 2, '2026-03-11 12:03:56'),
(670, 260, 3, '2026-03-11 12:03:56'),
(671, 260, 4, '2026-03-11 12:03:57'),
(672, 261, 1, '2026-03-11 12:04:01'),
(673, 261, 2, '2026-03-11 12:04:02'),
(674, 261, 3, '2026-03-11 12:04:02'),
(675, 261, 4, '2026-03-11 12:04:02'),
(676, 262, 1, '2026-03-11 12:04:06'),
(677, 262, 2, '2026-03-11 12:04:06'),
(678, 262, 3, '2026-03-11 12:04:06'),
(679, 262, 4, '2026-03-11 12:04:06'),
(680, 263, 1, '2026-03-11 12:04:11'),
(681, 263, 2, '2026-03-11 12:04:11'),
(682, 263, 3, '2026-03-11 12:04:12'),
(683, 263, 4, '2026-03-11 12:04:12'),
(684, 264, 1, '2026-03-11 12:04:16'),
(685, 264, 2, '2026-03-11 12:04:18'),
(686, 264, 3, '2026-03-11 12:04:19'),
(687, 264, 4, '2026-03-11 12:04:19'),
(688, 265, 1, '2026-03-11 12:04:21'),
(689, 265, 2, '2026-03-11 12:04:21'),
(690, 265, 3, '2026-03-11 12:04:21'),
(691, 265, 4, '2026-03-11 12:04:22'),
(692, 266, 1, '2026-03-11 12:04:26'),
(693, 266, 2, '2026-03-11 12:04:26'),
(694, 266, 3, '2026-03-11 12:04:26'),
(695, 266, 4, '2026-03-11 12:04:26'),
(696, 267, 1, '2026-03-11 12:04:31'),
(697, 268, 1, '2026-03-11 12:05:23'),
(698, 268, 2, '2026-03-11 12:05:24'),
(699, 268, 3, '2026-03-11 12:05:24'),
(700, 268, 4, '2026-03-11 12:05:24'),
(701, 269, 1, '2026-03-11 12:05:28'),
(702, 270, 1, '2026-03-11 12:05:33'),
(703, 271, 1, '2026-03-11 12:05:38'),
(704, 269, 2, '2026-03-11 12:05:39'),
(705, 269, 3, '2026-03-11 12:05:40'),
(706, 269, 4, '2026-03-11 12:05:40'),
(707, 270, 2, '2026-03-11 12:05:41'),
(708, 270, 3, '2026-03-11 12:05:41'),
(709, 270, 4, '2026-03-11 12:05:42'),
(710, 272, 1, '2026-03-11 12:05:43'),
(711, 271, 2, '2026-03-11 12:05:44'),
(712, 271, 3, '2026-03-11 12:05:44'),
(713, 271, 4, '2026-03-11 12:05:44'),
(714, 273, 1, '2026-03-11 12:05:48'),
(715, 274, 1, '2026-03-11 12:05:53'),
(716, 275, 1, '2026-03-11 12:05:58'),
(717, 272, 2, '2026-03-11 12:05:58'),
(718, 272, 3, '2026-03-11 12:05:58'),
(719, 272, 4, '2026-03-11 12:05:59'),
(720, 273, 2, '2026-03-11 12:06:01'),
(721, 273, 3, '2026-03-11 12:06:01'),
(722, 273, 4, '2026-03-11 12:06:01'),
(723, 274, 2, '2026-03-11 12:06:03'),
(724, 274, 3, '2026-03-11 12:06:03'),
(725, 276, 1, '2026-03-11 12:06:03'),
(726, 274, 4, '2026-03-11 12:06:03'),
(727, 275, 2, '2026-03-11 12:06:04'),
(728, 275, 3, '2026-03-11 12:06:05'),
(729, 275, 4, '2026-03-11 12:06:05'),
(730, 276, 2, '2026-03-11 12:06:06'),
(731, 276, 3, '2026-03-11 12:06:06'),
(732, 276, 4, '2026-03-11 12:06:06'),
(733, 277, 1, '2026-03-11 12:06:08'),
(734, 277, 2, '2026-03-11 12:06:09'),
(735, 277, 3, '2026-03-11 12:06:09'),
(736, 277, 4, '2026-03-11 12:06:10'),
(737, 278, 1, '2026-03-11 12:06:13'),
(738, 278, 2, '2026-03-11 12:06:16'),
(739, 278, 3, '2026-03-11 12:06:16'),
(740, 278, 4, '2026-03-11 12:06:17'),
(741, 279, 1, '2026-03-11 12:06:18'),
(742, 279, 2, '2026-03-11 12:06:21'),
(743, 279, 3, '2026-03-11 12:06:21'),
(744, 279, 4, '2026-03-11 12:06:21'),
(745, 280, 1, '2026-03-11 12:06:23'),
(746, 280, 2, '2026-03-11 12:06:24'),
(747, 280, 3, '2026-03-11 12:06:24'),
(748, 280, 4, '2026-03-11 12:06:24'),
(749, 281, 1, '2026-03-11 12:06:28'),
(750, 281, 2, '2026-03-11 12:06:29'),
(751, 281, 3, '2026-03-11 12:06:29'),
(752, 281, 4, '2026-03-11 12:06:29'),
(753, 282, 1, '2026-03-11 12:06:33'),
(754, 282, 2, '2026-03-11 12:06:34'),
(755, 282, 3, '2026-03-11 12:06:34'),
(756, 282, 4, '2026-03-11 12:06:34'),
(757, 283, 1, '2026-03-11 12:06:38'),
(758, 284, 1, '2026-03-11 12:06:43'),
(759, 283, 2, '2026-03-11 12:06:45'),
(760, 283, 3, '2026-03-11 12:06:46'),
(761, 283, 4, '2026-03-11 12:06:46'),
(762, 284, 2, '2026-03-11 12:06:48'),
(763, 284, 3, '2026-03-11 12:06:48'),
(764, 284, 4, '2026-03-11 12:06:48'),
(765, 285, 1, '2026-03-11 12:06:48');

-- --------------------------------------------------------

--
-- Estructura de tabla para la tabla `inventario_sucursal`
--

CREATE TABLE `inventario_sucursal` (
  `id_sucursal` int(11) NOT NULL,
  `id_producto` int(11) NOT NULL,
  `activo` tinyint(1) DEFAULT 1,
  `precio_personalizado` decimal(10,2) DEFAULT NULL
) ENGINE=InnoDB DEFAULT CHARSET=utf8mb4 COLLATE=utf8mb4_general_ci;

--
-- Volcado de datos para la tabla `inventario_sucursal`
--

INSERT INTO `inventario_sucursal` (`id_sucursal`, `id_producto`, `activo`, `precio_personalizado`) VALUES
(1, 1, 0, NULL),
(1, 2, 0, NULL),
(1, 3, 1, NULL),
(1, 4, 1, NULL),
(2, 1, 1, NULL),
(2, 3, 1, NULL),
(3, 1, 1, NULL),
(3, 2, 1, NULL);

-- --------------------------------------------------------

--
-- Estructura de tabla para la tabla `nivel`
--

CREATE TABLE `nivel` (
  `id_nivel` int(11) NOT NULL,
  `numero_nivel` int(11) NOT NULL,
  `tiempo_base_segundos` int(11) NOT NULL,
  `pedidos_para_subir` int(11) DEFAULT NULL,
  `puntos_para_subir` int(11) DEFAULT NULL
) ENGINE=InnoDB DEFAULT CHARSET=utf8mb4 COLLATE=utf8mb4_general_ci;

--
-- Volcado de datos para la tabla `nivel`
--

INSERT INTO `nivel` (`id_nivel`, `numero_nivel`, `tiempo_base_segundos`, `pedidos_para_subir`, `puntos_para_subir`) VALUES
(1, 1, 60, 5, 500),
(2, 2, 50, 10, 1000),
(3, 3, 40, 15, 1500);

-- --------------------------------------------------------

--
-- Estructura de tabla para la tabla `parametro_global`
--

CREATE TABLE `parametro_global` (
  `id_parametro` int(11) NOT NULL,
  `nombre` varchar(100) NOT NULL,
  `valor` varchar(100) NOT NULL,
  `descripcion` varchar(200) DEFAULT NULL
) ENGINE=InnoDB DEFAULT CHARSET=utf8mb4 COLLATE=utf8mb4_general_ci;

--
-- Volcado de datos para la tabla `parametro_global`
--

INSERT INTO `parametro_global` (`id_parametro`, `nombre`, `valor`, `descripcion`) VALUES
(1, 'MAX_PEDIDOS_ACTIVOS', '5', 'Máximo de pedidos simultáneos'),
(2, 'DURACION_PARTIDA_SEGUNDOS', '300', 'Duración total del turno'),
(3, 'INTERVALO_GENERACION_PEDIDOS', '20', 'Intervalo entre pedidos');

-- --------------------------------------------------------

--
-- Estructura de tabla para la tabla `partida`
--

CREATE TABLE `partida` (
  `id_partida` int(11) NOT NULL,
  `id_usuario` int(11) NOT NULL,
  `id_sucursal` int(11) NOT NULL,
  `fecha_inicio` timestamp NOT NULL DEFAULT current_timestamp(),
  `fecha_fin` datetime DEFAULT NULL,
  `id_nivel_alcanzado` int(11) DEFAULT NULL,
  `puntaje_total` int(11) DEFAULT 0,
  `estado` varchar(20) NOT NULL
) ENGINE=InnoDB DEFAULT CHARSET=utf8mb4 COLLATE=utf8mb4_general_ci;

--
-- Volcado de datos para la tabla `partida`
--

INSERT INTO `partida` (`id_partida`, `id_usuario`, `id_sucursal`, `fecha_inicio`, `fecha_fin`, `id_nivel_alcanzado`, `puntaje_total`, `estado`) VALUES
(1, 1, 1, '2026-03-08 02:49:50', NULL, 1, 0, 'ACTIVA'),
(2, 1, 1, '2026-03-08 03:19:46', NULL, 1, 0, 'ACTIVA'),
(3, 1, 1, '2026-03-08 03:24:04', NULL, 1, 0, 'ACTIVA'),
(4, 1, 1, '2026-03-08 03:24:34', NULL, 1, 0, 'ACTIVA'),
(5, 1, 1, '2026-03-08 03:26:28', NULL, 1, 0, 'ACTIVA'),
(6, 1, 1, '2026-03-08 05:02:39', NULL, 1, 0, 'ACTIVA'),
(7, 1, 1, '2026-03-08 05:48:48', NULL, 1, 0, 'ACTIVA'),
(8, 1, 1, '2026-03-09 14:57:36', NULL, 1, 0, 'ACTIVA'),
(9, 1, 1, '2026-03-09 15:09:09', NULL, 1, 0, 'ACTIVA'),
(10, 1, 1, '2026-03-09 15:20:10', NULL, 1, 0, 'ACTIVA'),
(11, 1, 1, '2026-03-09 15:21:43', NULL, 1, 0, 'ACTIVA'),
(12, 1, 1, '2026-03-09 15:26:35', NULL, 1, 0, 'ACTIVA'),
(13, 1, 1, '2026-03-09 16:58:02', NULL, 1, 0, 'ACTIVA'),
(14, 1, 1, '2026-03-09 18:05:15', NULL, 1, 0, 'ACTIVA'),
(15, 1, 1, '2026-03-09 22:54:02', NULL, 1, 0, 'ACTIVA'),
(16, 3, 1, '2026-03-09 23:06:57', NULL, 1, 0, 'ACTIVA'),
(17, 3, 1, '2026-03-09 23:19:33', '2026-03-09 17:22:33', 1, 870, 'FINALIZADA'),
(18, 3, 1, '2026-03-10 00:15:23', NULL, 1, 0, 'ACTIVA'),
(19, 3, 1, '2026-03-10 07:02:48', '2026-03-10 01:05:49', 1, 810, 'FINALIZADA'),
(20, 3, 1, '2026-03-10 07:19:06', '2026-03-10 01:22:06', 2, 1620, 'FINALIZADA'),
(21, 3, 1, '2026-03-10 09:04:15', '2026-03-10 03:07:15', 3, 2400, 'FINALIZADA'),
(22, 4, 3, '2026-03-10 09:39:05', NULL, 1, 0, 'ACTIVA'),
(23, 3, 1, '2026-03-10 21:19:31', '2026-03-10 15:22:31', 3, 2300, 'FINALIZADA'),
(24, 3, 1, '2026-03-11 02:04:46', NULL, 1, 0, 'ACTIVA'),
(25, 4, 3, '2026-03-11 02:07:40', NULL, 1, 0, 'ACTIVA'),
(26, 4, 3, '2026-03-11 02:08:47', '2026-03-10 20:11:47', 3, 2320, 'FINALIZADA'),
(27, 4, 3, '2026-03-11 14:51:48', NULL, 1, 0, 'ACTIVA'),
(28, 3, 1, '2026-03-11 18:03:01', '2026-03-11 12:04:31', 2, 1820, 'FINALIZADA'),
(29, 4, 3, '2026-03-11 18:05:18', '2026-03-11 12:06:48', 3, 2550, 'FINALIZADA');

-- --------------------------------------------------------

--
-- Estructura de tabla para la tabla `pedido`
--

CREATE TABLE `pedido` (
  `id_pedido` int(11) NOT NULL,
  `id_partida` int(11) NOT NULL,
  `id_estado_actual` int(11) NOT NULL,
  `tiempo_limite_segundos` int(11) NOT NULL,
  `fecha_creacion` datetime NOT NULL,
  `fecha_finalizacion` datetime DEFAULT NULL,
  `bono_eficiencia_aplicado` tinyint(1) NOT NULL DEFAULT 0,
  `puntos_obtenidos` int(11) DEFAULT 0
) ENGINE=InnoDB DEFAULT CHARSET=utf8mb4 COLLATE=utf8mb4_general_ci;

--
-- Volcado de datos para la tabla `pedido`
--

INSERT INTO `pedido` (`id_pedido`, `id_partida`, `id_estado_actual`, `tiempo_limite_segundos`, `fecha_creacion`, `fecha_finalizacion`, `bono_eficiencia_aplicado`, `puntos_obtenidos`) VALUES
(4, 1, 1, 60, '2026-03-07 20:49:55', NULL, 0, 0),
(5, 1, 1, 60, '2026-03-07 20:50:05', NULL, 0, 0),
(6, 1, 1, 60, '2026-03-07 20:50:15', NULL, 0, 0),
(7, 1, 1, 60, '2026-03-07 20:50:25', NULL, 0, 0),
(8, 1, 1, 60, '2026-03-07 20:50:35', NULL, 0, 0),
(9, 1, 1, 60, '2026-03-07 20:50:45', NULL, 0, 0),
(10, 1, 1, 60, '2026-03-07 20:50:55', NULL, 0, 0),
(11, 5, 1, 60, '2026-03-07 21:26:33', NULL, 0, 0),
(12, 5, 1, 60, '2026-03-07 21:26:43', NULL, 0, 0),
(13, 5, 1, 60, '2026-03-07 21:26:53', NULL, 0, 0),
(14, 5, 1, 60, '2026-03-07 21:27:03', NULL, 0, 0),
(15, 6, 1, 60, '2026-03-07 23:02:44', NULL, 0, 0),
(16, 6, 1, 60, '2026-03-07 23:02:54', NULL, 0, 0),
(17, 6, 1, 60, '2026-03-07 23:03:04', NULL, 0, 0),
(18, 6, 1, 60, '2026-03-07 23:03:14', NULL, 0, 0),
(19, 6, 1, 60, '2026-03-07 23:03:24', NULL, 0, 0),
(20, 6, 1, 60, '2026-03-07 23:03:34', NULL, 0, 0),
(21, 6, 1, 60, '2026-03-07 23:03:44', NULL, 0, 0),
(22, 6, 1, 60, '2026-03-07 23:03:54', NULL, 0, 0),
(23, 7, 1, 60, '2026-03-07 23:48:53', NULL, 0, 0),
(24, 7, 1, 60, '2026-03-07 23:49:03', NULL, 0, 0),
(25, 7, 1, 60, '2026-03-07 23:49:13', NULL, 0, 0),
(26, 7, 1, 60, '2026-03-07 23:49:23', NULL, 0, 0),
(27, 7, 1, 60, '2026-03-07 23:49:33', NULL, 0, 0),
(28, 7, 1, 60, '2026-03-07 23:49:43', NULL, 0, 0),
(29, 7, 1, 60, '2026-03-07 23:50:13', NULL, 0, 0),
(30, 7, 1, 60, '2026-03-07 23:50:23', NULL, 0, 0),
(31, 7, 1, 60, '2026-03-07 23:50:33', NULL, 0, 0),
(32, 8, 1, 60, '2026-03-09 08:57:42', NULL, 0, 0),
(33, 8, 1, 60, '2026-03-09 08:57:51', NULL, 0, 0),
(34, 8, 1, 60, '2026-03-09 08:58:01', NULL, 0, 0),
(35, 8, 1, 60, '2026-03-09 08:58:11', NULL, 0, 0),
(36, 9, 1, 60, '2026-03-09 09:09:14', NULL, 0, 0),
(37, 9, 1, 60, '2026-03-09 09:09:24', NULL, 0, 0),
(38, 9, 1, 60, '2026-03-09 09:09:34', NULL, 0, 0),
(39, 9, 1, 60, '2026-03-09 09:09:44', NULL, 0, 0),
(40, 9, 1, 60, '2026-03-09 09:09:54', NULL, 0, 0),
(41, 9, 1, 60, '2026-03-09 09:10:04', NULL, 0, 0),
(42, 9, 1, 60, '2026-03-09 09:10:14', NULL, 0, 0),
(43, 9, 1, 60, '2026-03-09 09:10:24', NULL, 0, 0),
(44, 9, 1, 60, '2026-03-09 09:10:34', NULL, 0, 0),
(45, 9, 1, 60, '2026-03-09 09:10:44', NULL, 0, 0),
(46, 9, 1, 60, '2026-03-09 09:10:54', NULL, 0, 0),
(47, 9, 1, 60, '2026-03-09 09:11:24', NULL, 0, 0),
(48, 9, 1, 60, '2026-03-09 09:11:34', NULL, 0, 0),
(49, 9, 1, 60, '2026-03-09 09:11:44', NULL, 0, 0),
(50, 9, 1, 60, '2026-03-09 09:11:54', NULL, 0, 0),
(51, 9, 1, 60, '2026-03-09 09:12:04', NULL, 0, 0),
(52, 11, 1, 60, '2026-03-09 09:21:48', NULL, 0, 0),
(53, 11, 1, 60, '2026-03-09 09:21:58', NULL, 0, 0),
(54, 11, 1, 60, '2026-03-09 09:22:08', NULL, 0, 0),
(55, 11, 1, 60, '2026-03-09 09:22:18', NULL, 0, 0),
(56, 11, 1, 60, '2026-03-09 09:22:28', NULL, 0, 0),
(57, 11, 1, 60, '2026-03-09 09:22:38', NULL, 0, 0),
(58, 11, 1, 60, '2026-03-09 09:23:08', NULL, 0, 0),
(59, 11, 1, 60, '2026-03-09 09:23:18', NULL, 0, 0),
(60, 11, 1, 60, '2026-03-09 09:23:28', NULL, 0, 0),
(61, 11, 1, 60, '2026-03-09 09:23:38', NULL, 0, 0),
(62, 11, 1, 60, '2026-03-09 09:23:48', NULL, 0, 0),
(63, 11, 1, 60, '2026-03-09 09:24:18', NULL, 0, 0),
(64, 11, 1, 60, '2026-03-09 09:24:28', NULL, 0, 0),
(65, 11, 1, 60, '2026-03-09 09:24:38', NULL, 0, 0),
(66, 12, 1, 60, '2026-03-09 09:26:40', NULL, 0, 0),
(67, 12, 1, 60, '2026-03-09 09:26:50', NULL, 0, 0),
(68, 12, 1, 60, '2026-03-09 09:27:00', NULL, 0, 0),
(69, 12, 1, 60, '2026-03-09 09:27:10', NULL, 0, 0),
(70, 12, 1, 60, '2026-03-09 09:27:20', NULL, 0, 0),
(71, 12, 1, 60, '2026-03-09 09:27:30', NULL, 0, 0),
(72, 12, 1, 60, '2026-03-09 09:27:40', NULL, 0, 0),
(73, 12, 1, 60, '2026-03-09 09:27:50', NULL, 0, 0),
(74, 12, 1, 60, '2026-03-09 09:28:00', NULL, 0, 0),
(75, 12, 1, 60, '2026-03-09 09:28:10', NULL, 0, 0),
(76, 12, 1, 60, '2026-03-09 09:28:20', NULL, 0, 0),
(77, 12, 1, 60, '2026-03-09 09:28:30', NULL, 0, 0),
(78, 12, 1, 60, '2026-03-09 09:28:40', NULL, 0, 0),
(79, 12, 1, 60, '2026-03-09 09:28:50', NULL, 0, 0),
(80, 12, 1, 60, '2026-03-09 09:29:00', NULL, 0, 0),
(81, 12, 1, 60, '2026-03-09 09:29:30', NULL, 0, 0),
(82, 13, 4, 60, '2026-03-09 10:58:07', NULL, 0, 0),
(83, 13, 5, 60, '2026-03-09 10:58:17', NULL, 0, 0),
(84, 13, 4, 60, '2026-03-09 10:58:27', NULL, 0, 0),
(85, 13, 4, 60, '2026-03-09 10:58:37', NULL, 0, 0),
(86, 13, 6, 60, '2026-03-09 10:58:47', NULL, 0, 0),
(87, 13, 6, 60, '2026-03-09 10:58:57', NULL, 0, 0),
(88, 13, 6, 60, '2026-03-09 10:59:07', NULL, 0, 0),
(89, 13, 6, 60, '2026-03-09 10:59:17', NULL, 0, 0),
(90, 13, 5, 60, '2026-03-09 10:59:27', NULL, 0, 0),
(91, 13, 4, 60, '2026-03-09 10:59:57', NULL, 0, 0),
(92, 13, 4, 60, '2026-03-09 11:00:07', NULL, 0, 0),
(93, 13, 4, 60, '2026-03-09 11:00:17', NULL, 0, 0),
(94, 13, 5, 60, '2026-03-09 11:00:27', NULL, 0, 0),
(95, 13, 6, 60, '2026-03-09 11:00:37', NULL, 0, 0),
(96, 13, 6, 60, '2026-03-09 11:00:47', NULL, 0, 0),
(97, 13, 6, 60, '2026-03-09 11:00:57', NULL, 0, 0),
(98, 14, 4, 60, '2026-03-09 12:05:20', NULL, 0, 0),
(99, 14, 6, 60, '2026-03-09 12:05:30', NULL, 0, 0),
(100, 14, 4, 60, '2026-03-09 12:05:40', NULL, 0, 0),
(101, 14, 5, 60, '2026-03-09 12:05:50', NULL, 0, 0),
(102, 14, 4, 60, '2026-03-09 12:06:00', NULL, 0, 0),
(103, 14, 4, 60, '2026-03-09 12:06:10', NULL, 0, 0),
(104, 14, 6, 60, '2026-03-09 12:06:20', NULL, 0, 0),
(105, 14, 5, 60, '2026-03-09 12:06:30', NULL, 0, 0),
(106, 14, 4, 60, '2026-03-09 12:06:40', NULL, 0, 0),
(107, 14, 4, 60, '2026-03-09 12:06:50', NULL, 0, 0),
(108, 14, 4, 60, '2026-03-09 12:07:00', NULL, 0, 0),
(109, 14, 6, 60, '2026-03-09 12:07:10', NULL, 0, 0),
(110, 14, 6, 60, '2026-03-09 12:07:20', NULL, 0, 0),
(111, 14, 6, 60, '2026-03-09 12:07:30', NULL, 0, 0),
(112, 14, 6, 60, '2026-03-09 12:07:40', NULL, 0, 0),
(113, 14, 6, 60, '2026-03-09 12:07:50', NULL, 0, 0),
(114, 15, 4, 60, '2026-03-09 16:54:07', NULL, 0, 0),
(115, 15, 4, 60, '2026-03-09 16:54:17', NULL, 0, 0),
(116, 15, 4, 60, '2026-03-09 16:54:27', NULL, 0, 0),
(117, 15, 6, 60, '2026-03-09 16:54:37', NULL, 0, 0),
(118, 15, 5, 60, '2026-03-09 16:54:47', NULL, 0, 0),
(119, 15, 4, 60, '2026-03-09 16:54:57', NULL, 0, 0),
(120, 15, 4, 60, '2026-03-09 16:55:07', NULL, 0, 0),
(121, 15, 4, 60, '2026-03-09 16:55:17', NULL, 0, 0),
(122, 15, 6, 60, '2026-03-09 16:55:47', NULL, 0, 0),
(123, 15, 4, 60, '2026-03-09 16:55:57', NULL, 0, 0),
(124, 15, 1, 60, '2026-03-09 16:56:07', NULL, 0, 0),
(125, 15, 1, 60, '2026-03-09 16:56:17', NULL, 0, 0),
(126, 15, 1, 60, '2026-03-09 16:56:27', NULL, 0, 0),
(127, 15, 1, 60, '2026-03-09 16:56:57', NULL, 0, 0),
(128, 16, 4, 60, '2026-03-09 17:07:02', NULL, 0, 0),
(129, 16, 5, 60, '2026-03-09 17:07:12', NULL, 0, 0),
(130, 16, 6, 60, '2026-03-09 17:07:22', NULL, 0, 0),
(131, 16, 4, 60, '2026-03-09 17:07:32', NULL, 0, 0),
(132, 16, 4, 60, '2026-03-09 17:07:42', NULL, 0, 0),
(133, 16, 6, 60, '2026-03-09 17:07:52', NULL, 0, 0),
(134, 16, 6, 60, '2026-03-09 17:08:02', NULL, 0, 0),
(135, 16, 6, 60, '2026-03-09 17:08:12', NULL, 0, 0),
(136, 16, 4, 60, '2026-03-09 17:08:32', NULL, 0, 0),
(137, 16, 4, 60, '2026-03-09 17:08:52', NULL, 0, 0),
(138, 16, 4, 60, '2026-03-09 17:09:02', NULL, 0, 0),
(139, 16, 4, 60, '2026-03-09 17:09:12', NULL, 0, 0),
(140, 16, 4, 60, '2026-03-09 17:09:22', NULL, 0, 0),
(141, 16, 1, 60, '2026-03-09 17:09:32', NULL, 0, 0),
(142, 16, 1, 60, '2026-03-09 17:09:52', NULL, 0, 0),
(143, 17, 4, 60, '2026-03-09 17:19:38', NULL, 0, 0),
(144, 17, 4, 60, '2026-03-09 17:19:48', NULL, 0, 0),
(145, 17, 6, 60, '2026-03-09 17:19:58', NULL, 0, 0),
(146, 17, 5, 60, '2026-03-09 17:20:08', NULL, 0, 0),
(147, 17, 6, 60, '2026-03-09 17:20:18', NULL, 0, 0),
(148, 17, 4, 60, '2026-03-09 17:20:28', NULL, 0, 0),
(149, 17, 4, 60, '2026-03-09 17:20:48', NULL, 0, 0),
(150, 17, 4, 60, '2026-03-09 17:21:08', NULL, 0, 0),
(151, 17, 4, 60, '2026-03-09 17:21:18', NULL, 0, 0),
(152, 17, 4, 60, '2026-03-09 17:21:28', NULL, 0, 0),
(153, 17, 4, 60, '2026-03-09 17:21:38', NULL, 0, 0),
(154, 17, 4, 60, '2026-03-09 17:21:48', NULL, 0, 0),
(155, 17, 4, 60, '2026-03-09 17:21:58', NULL, 0, 0),
(156, 17, 1, 60, '2026-03-09 17:22:08', NULL, 0, 0),
(157, 17, 1, 60, '2026-03-09 17:22:18', NULL, 0, 0),
(158, 17, 1, 60, '2026-03-09 17:22:28', NULL, 0, 0),
(159, 18, 1, 60, '2026-03-09 18:15:28', NULL, 0, 0),
(160, 19, 4, 60, '2026-03-10 01:02:54', '2026-03-10 01:02:57', 1, 150),
(161, 19, 4, 60, '2026-03-10 01:03:04', '2026-03-10 01:03:38', 0, 100),
(162, 19, 5, 60, '2026-03-10 01:03:14', '2026-03-10 01:03:15', 0, -30),
(163, 19, 4, 60, '2026-03-10 01:03:24', '2026-03-10 01:03:44', 1, 150),
(164, 19, 6, 60, '2026-03-10 01:03:34', '2026-03-10 01:04:34', 0, -50),
(165, 19, 5, 60, '2026-03-10 01:03:44', '2026-03-10 01:04:15', 0, -30),
(166, 19, 4, 60, '2026-03-10 01:03:54', '2026-03-10 01:04:06', 1, 150),
(167, 19, 5, 60, '2026-03-10 01:04:04', '2026-03-10 01:04:18', 0, -30),
(168, 19, 4, 60, '2026-03-10 01:04:14', '2026-03-10 01:04:22', 1, 150),
(169, 19, 4, 60, '2026-03-10 01:04:24', '2026-03-10 01:04:26', 1, 150),
(170, 19, 4, 60, '2026-03-10 01:04:34', '2026-03-10 01:04:38', 1, 150),
(171, 19, 6, 60, '2026-03-10 01:04:44', '2026-03-10 01:05:44', 0, -50),
(172, 19, 1, 60, '2026-03-10 01:04:54', NULL, 0, 0),
(173, 19, 1, 60, '2026-03-10 01:05:04', NULL, 0, 0),
(174, 19, 1, 60, '2026-03-10 01:05:14', NULL, 0, 0),
(175, 19, 1, 60, '2026-03-10 01:05:24', NULL, 0, 0),
(176, 20, 4, 60, '2026-03-10 01:19:11', '2026-03-10 01:19:23', 1, 150),
(177, 20, 4, 60, '2026-03-10 01:19:21', '2026-03-10 01:19:57', 0, 100),
(178, 20, 5, 60, '2026-03-10 01:19:31', '2026-03-10 01:19:32', 0, -30),
(179, 20, 6, 60, '2026-03-10 01:19:41', '2026-03-10 01:20:41', 0, -50),
(180, 20, 4, 60, '2026-03-10 01:19:51', '2026-03-10 01:20:01', 1, 150),
(181, 20, 4, 60, '2026-03-10 01:20:01', '2026-03-10 01:20:04', 1, 150),
(182, 20, 4, 60, '2026-03-10 01:20:11', '2026-03-10 01:20:12', 1, 150),
(183, 20, 4, 60, '2026-03-10 01:20:21', '2026-03-10 01:20:22', 1, 150),
(184, 20, 4, 60, '2026-03-10 01:20:31', '2026-03-10 01:20:37', 1, 150),
(185, 20, 4, 60, '2026-03-10 01:20:41', '2026-03-10 01:20:44', 1, 150),
(186, 20, 6, 60, '2026-03-10 01:20:51', '2026-03-10 01:21:51', 0, -50),
(187, 20, 4, 60, '2026-03-10 01:21:01', '2026-03-10 01:21:24', 1, 150),
(188, 20, 1, 60, '2026-03-10 01:21:11', NULL, 0, 0),
(189, 20, 4, 60, '2026-03-10 01:21:21', '2026-03-10 01:21:27', 1, 150),
(190, 20, 1, 50, '2026-03-10 01:21:31', NULL, 0, 0),
(191, 20, 4, 50, '2026-03-10 01:21:41', '2026-03-10 01:21:50', 1, 150),
(192, 20, 4, 50, '2026-03-10 01:21:51', '2026-03-10 01:21:54', 1, 150),
(193, 20, 1, 50, '2026-03-10 01:22:01', NULL, 0, 0),
(194, 21, 4, 60, '2026-03-10 03:04:20', '2026-03-10 03:04:22', 1, 150),
(195, 21, 4, 60, '2026-03-10 03:04:30', '2026-03-10 03:04:31', 1, 150),
(196, 21, 4, 60, '2026-03-10 03:04:40', '2026-03-10 03:04:42', 1, 150),
(197, 21, 4, 60, '2026-03-10 03:04:50', '2026-03-10 03:04:51', 1, 150),
(198, 21, 4, 60, '2026-03-10 03:05:00', '2026-03-10 03:05:02', 1, 150),
(199, 21, 4, 60, '2026-03-10 03:05:10', '2026-03-10 03:05:11', 1, 150),
(200, 21, 4, 60, '2026-03-10 03:05:20', '2026-03-10 03:05:21', 1, 150),
(201, 21, 4, 60, '2026-03-10 03:05:30', '2026-03-10 03:05:32', 1, 150),
(202, 21, 4, 60, '2026-03-10 03:05:40', '2026-03-10 03:05:41', 1, 150),
(203, 21, 4, 60, '2026-03-10 03:05:50', '2026-03-10 03:05:56', 1, 150),
(204, 21, 4, 50, '2026-03-10 03:06:00', '2026-03-10 03:06:05', 1, 150),
(205, 21, 4, 50, '2026-03-10 03:06:10', '2026-03-10 03:06:12', 1, 150),
(206, 21, 4, 50, '2026-03-10 03:06:20', '2026-03-10 03:06:21', 1, 150),
(207, 21, 4, 50, '2026-03-10 03:06:30', '2026-03-10 03:06:31', 1, 150),
(208, 21, 4, 50, '2026-03-10 03:06:40', '2026-03-10 03:06:41', 1, 150),
(209, 21, 4, 40, '2026-03-10 03:06:50', '2026-03-10 03:06:55', 1, 150),
(210, 21, 1, 40, '2026-03-10 03:07:00', NULL, 0, 0),
(211, 21, 1, 40, '2026-03-10 03:07:10', NULL, 0, 0),
(212, 23, 4, 60, '2026-03-10 15:19:36', '2026-03-10 15:19:58', 1, 150),
(213, 23, 4, 60, '2026-03-10 15:19:46', '2026-03-10 15:20:02', 1, 150),
(214, 23, 4, 60, '2026-03-10 15:19:56', '2026-03-10 15:20:04', 1, 150),
(215, 23, 4, 60, '2026-03-10 15:20:06', '2026-03-10 15:20:09', 1, 150),
(216, 23, 4, 60, '2026-03-10 15:20:16', '2026-03-10 15:20:17', 1, 150),
(217, 23, 4, 60, '2026-03-10 15:20:26', '2026-03-10 15:21:24', 0, 100),
(218, 23, 4, 60, '2026-03-10 15:20:36', '2026-03-10 15:21:26', 0, 100),
(219, 23, 4, 60, '2026-03-10 15:20:46', '2026-03-10 15:21:28', 0, 100),
(220, 23, 4, 60, '2026-03-10 15:20:56', '2026-03-10 15:21:31', 0, 100),
(221, 23, 4, 60, '2026-03-10 15:21:06', '2026-03-10 15:21:34', 1, 150),
(222, 23, 4, 60, '2026-03-10 15:21:26', '2026-03-10 15:21:58', 0, 100),
(223, 23, 4, 50, '2026-03-10 15:21:36', '2026-03-10 15:22:00', 1, 150),
(224, 23, 4, 50, '2026-03-10 15:21:46', '2026-03-10 15:22:02', 1, 150),
(225, 23, 4, 50, '2026-03-10 15:21:56', '2026-03-10 15:22:04', 1, 150),
(226, 23, 4, 50, '2026-03-10 15:22:06', '2026-03-10 15:22:08', 1, 150),
(227, 23, 4, 40, '2026-03-10 15:22:16', '2026-03-10 15:22:18', 1, 150),
(228, 23, 4, 40, '2026-03-10 15:22:26', '2026-03-10 15:22:28', 1, 150),
(229, 24, 4, 60, '2026-03-10 20:04:51', '2026-03-10 20:04:58', 1, 150),
(230, 24, 4, 60, '2026-03-10 20:05:01', '2026-03-10 20:05:26', 1, 150),
(231, 24, 5, 60, '2026-03-10 20:05:11', '2026-03-10 20:05:28', 0, -30),
(232, 24, 4, 60, '2026-03-10 20:05:21', '2026-03-10 20:05:36', 1, 150),
(233, 24, 4, 60, '2026-03-10 20:05:31', '2026-03-10 20:05:33', 1, 150),
(234, 26, 4, 60, '2026-03-10 20:08:52', '2026-03-10 20:09:13', 1, 150),
(235, 26, 4, 60, '2026-03-10 20:09:02', '2026-03-10 20:09:18', 1, 150),
(236, 26, 4, 60, '2026-03-10 20:09:12', '2026-03-10 20:09:49', 0, 100),
(237, 26, 5, 60, '2026-03-10 20:09:22', '2026-03-10 20:09:25', 0, -30),
(238, 26, 4, 60, '2026-03-10 20:09:32', '2026-03-10 20:09:56', 1, 150),
(239, 26, 4, 60, '2026-03-10 20:09:42', '2026-03-10 20:09:59', 1, 150),
(240, 26, 4, 60, '2026-03-10 20:09:52', '2026-03-10 20:10:02', 1, 150),
(241, 26, 4, 60, '2026-03-10 20:10:02', '2026-03-10 20:10:08', 1, 150),
(242, 26, 4, 60, '2026-03-10 20:10:12', '2026-03-10 20:10:14', 1, 150),
(243, 26, 4, 60, '2026-03-10 20:10:22', '2026-03-10 20:10:24', 1, 150),
(244, 26, 4, 60, '2026-03-10 20:10:32', '2026-03-10 20:10:34', 1, 150),
(245, 26, 4, 50, '2026-03-10 20:10:42', '2026-03-10 20:10:51', 1, 150),
(246, 26, 4, 50, '2026-03-10 20:10:52', '2026-03-10 20:10:57', 1, 150),
(247, 26, 4, 50, '2026-03-10 20:11:02', '2026-03-10 20:11:04', 1, 150),
(248, 26, 4, 50, '2026-03-10 20:11:12', '2026-03-10 20:11:14', 1, 150),
(249, 26, 4, 50, '2026-03-10 20:11:22', '2026-03-10 20:11:24', 1, 150),
(250, 26, 4, 40, '2026-03-10 20:11:32', '2026-03-10 20:11:38', 1, 150),
(251, 26, 1, 40, '2026-03-10 20:11:42', NULL, 0, 0),
(252, 27, 1, 60, '2026-03-11 08:51:53', NULL, 0, 0),
(253, 28, 4, 60, '2026-03-11 12:03:06', '2026-03-11 12:03:42', 0, 100),
(254, 28, 4, 60, '2026-03-11 12:03:11', '2026-03-11 12:03:45', 0, 100),
(255, 28, 5, 60, '2026-03-11 12:03:16', '2026-03-11 12:03:46', 0, -30),
(256, 28, 4, 60, '2026-03-11 12:03:21', '2026-03-11 12:03:49', 1, 150),
(257, 28, 4, 60, '2026-03-11 12:03:26', '2026-03-11 12:03:51', 1, 150),
(258, 28, 4, 60, '2026-03-11 12:03:46', '2026-03-11 12:03:52', 1, 150),
(259, 28, 4, 60, '2026-03-11 12:03:51', '2026-03-11 12:03:53', 1, 150),
(260, 28, 4, 60, '2026-03-11 12:03:56', '2026-03-11 12:03:57', 1, 150),
(261, 28, 4, 60, '2026-03-11 12:04:01', '2026-03-11 12:04:02', 1, 150),
(262, 28, 4, 60, '2026-03-11 12:04:06', '2026-03-11 12:04:06', 1, 150),
(263, 28, 4, 60, '2026-03-11 12:04:11', '2026-03-11 12:04:12', 1, 150),
(264, 28, 4, 50, '2026-03-11 12:04:16', '2026-03-11 12:04:19', 1, 150),
(265, 28, 4, 50, '2026-03-11 12:04:21', '2026-03-11 12:04:22', 1, 150),
(266, 28, 4, 50, '2026-03-11 12:04:26', '2026-03-11 12:04:26', 1, 150),
(267, 28, 1, 50, '2026-03-11 12:04:31', NULL, 0, 0),
(268, 29, 4, 60, '2026-03-11 12:05:23', '2026-03-11 12:05:24', 1, 150),
(269, 29, 4, 60, '2026-03-11 12:05:28', '2026-03-11 12:05:40', 1, 150),
(270, 29, 4, 60, '2026-03-11 12:05:33', '2026-03-11 12:05:42', 1, 150),
(271, 29, 4, 60, '2026-03-11 12:05:38', '2026-03-11 12:05:44', 1, 150),
(272, 29, 4, 60, '2026-03-11 12:05:43', '2026-03-11 12:05:59', 1, 150),
(273, 29, 4, 60, '2026-03-11 12:05:48', '2026-03-11 12:06:01', 1, 150),
(274, 29, 4, 60, '2026-03-11 12:05:53', '2026-03-11 12:06:03', 1, 150),
(275, 29, 4, 60, '2026-03-11 12:05:58', '2026-03-11 12:06:05', 1, 150),
(276, 29, 4, 60, '2026-03-11 12:06:03', '2026-03-11 12:06:06', 1, 150),
(277, 29, 4, 60, '2026-03-11 12:06:08', '2026-03-11 12:06:10', 1, 150),
(278, 29, 4, 50, '2026-03-11 12:06:13', '2026-03-11 12:06:17', 1, 150),
(279, 29, 4, 50, '2026-03-11 12:06:18', '2026-03-11 12:06:21', 1, 150),
(280, 29, 4, 50, '2026-03-11 12:06:23', '2026-03-11 12:06:24', 1, 150),
(281, 29, 4, 50, '2026-03-11 12:06:28', '2026-03-11 12:06:29', 1, 150),
(282, 29, 4, 50, '2026-03-11 12:06:33', '2026-03-11 12:06:34', 1, 150),
(283, 29, 4, 40, '2026-03-11 12:06:38', '2026-03-11 12:06:46', 1, 150),
(284, 29, 4, 40, '2026-03-11 12:06:43', '2026-03-11 12:06:48', 1, 150),
(285, 29, 1, 40, '2026-03-11 12:06:48', NULL, 0, 0);

-- --------------------------------------------------------

--
-- Estructura de tabla para la tabla `producto`
--

CREATE TABLE `producto` (
  `id_producto` int(11) NOT NULL,
  `nombre` varchar(100) NOT NULL,
  `descripcion` varchar(200) DEFAULT NULL,
  `precio_base` decimal(10,2) DEFAULT NULL,
  `activo_global` tinyint(1) DEFAULT 1
) ENGINE=InnoDB DEFAULT CHARSET=utf8mb4 COLLATE=utf8mb4_general_ci;

--
-- Volcado de datos para la tabla `producto`
--

INSERT INTO `producto` (`id_producto`, `nombre`, `descripcion`, `precio_base`, `activo_global`) VALUES
(1, 'Pizza Margherita', 'Pizza clásica con queso', 50.00, 1),
(2, 'Hamburguesa Clásica', 'Hamburguesa con carne y queso', 35.00, 1),
(3, 'Pizza Pepperoni', 'Pizza con pepperoni', 55.00, 1),
(4, 'Papitas fritas', 'Papitas fritas clasicas', 25.00, 1);

-- --------------------------------------------------------

--
-- Estructura de tabla para la tabla `rol`
--

CREATE TABLE `rol` (
  `id_rol` int(11) NOT NULL,
  `nombre` varchar(50) NOT NULL
) ENGINE=InnoDB DEFAULT CHARSET=utf8mb4 COLLATE=utf8mb4_general_ci;

--
-- Volcado de datos para la tabla `rol`
--

INSERT INTO `rol` (`id_rol`, `nombre`) VALUES
(2, 'ADMIN_TIENDA'),
(3, 'JUGADOR'),
(1, 'SUPER_ADMIN');

-- --------------------------------------------------------

--
-- Estructura de tabla para la tabla `sucursal`
--

CREATE TABLE `sucursal` (
  `id_sucursal` int(11) NOT NULL,
  `nombre` varchar(100) NOT NULL,
  `direccion` varchar(200) DEFAULT NULL,
  `activa` tinyint(1) DEFAULT 1
) ENGINE=InnoDB DEFAULT CHARSET=utf8mb4 COLLATE=utf8mb4_general_ci;

--
-- Volcado de datos para la tabla `sucursal`
--

INSERT INTO `sucursal` (`id_sucursal`, `nombre`, `direccion`, `activa`) VALUES
(1, 'Sucursal Centro', 'Zona 1', 1),
(2, 'Sucursal Norte', 'Zona 5', 1),
(3, 'Sucursal Sur', 'Zon 12', 1);

-- --------------------------------------------------------

--
-- Estructura de tabla para la tabla `usuario`
--

CREATE TABLE `usuario` (
  `id_usuario` int(11) NOT NULL,
  `username` varchar(50) NOT NULL,
  `password` varchar(255) NOT NULL,
  `nombre` varchar(100) NOT NULL,
  `id_rol` int(11) NOT NULL,
  `id_sucursal` int(11) DEFAULT NULL,
  `activo` tinyint(1) DEFAULT 1
) ENGINE=InnoDB DEFAULT CHARSET=utf8mb4 COLLATE=utf8mb4_general_ci;

--
-- Volcado de datos para la tabla `usuario`
--

INSERT INTO `usuario` (`id_usuario`, `username`, `password`, `nombre`, `id_rol`, `id_sucursal`, `activo`) VALUES
(1, 'superadmin', '1234', 'Administrador Global', 1, NULL, 1),
(2, 'admin1', '1234', 'Admin Centro', 2, 1, 1),
(3, 'jugador1', '1234', 'Jugador Centro', 3, 1, 1),
(4, 'jugador2', '1234', 'Jugador Sur', 3, 3, 1),
(5, 'admin2', '1234', 'Admin Sur', 2, 3, 1);

--
-- Índices para tablas volcadas
--

--
-- Indices de la tabla `detalle_pedido`
--
ALTER TABLE `detalle_pedido`
  ADD PRIMARY KEY (`id_detalle`),
  ADD KEY `id_producto` (`id_producto`),
  ADD KEY `idx_detalle_pedido` (`id_pedido`);

--
-- Indices de la tabla `estado_pedido`
--
ALTER TABLE `estado_pedido`
  ADD PRIMARY KEY (`id_estado`),
  ADD UNIQUE KEY `nombre` (`nombre`);

--
-- Indices de la tabla `historial_estado`
--
ALTER TABLE `historial_estado`
  ADD PRIMARY KEY (`id_historial`),
  ADD KEY `id_pedido` (`id_pedido`),
  ADD KEY `id_estado` (`id_estado`);

--
-- Indices de la tabla `inventario_sucursal`
--
ALTER TABLE `inventario_sucursal`
  ADD PRIMARY KEY (`id_sucursal`,`id_producto`),
  ADD KEY `id_producto` (`id_producto`);

--
-- Indices de la tabla `nivel`
--
ALTER TABLE `nivel`
  ADD PRIMARY KEY (`id_nivel`),
  ADD UNIQUE KEY `numero_nivel` (`numero_nivel`);

--
-- Indices de la tabla `parametro_global`
--
ALTER TABLE `parametro_global`
  ADD PRIMARY KEY (`id_parametro`),
  ADD UNIQUE KEY `nombre` (`nombre`);

--
-- Indices de la tabla `partida`
--
ALTER TABLE `partida`
  ADD PRIMARY KEY (`id_partida`),
  ADD KEY `id_usuario` (`id_usuario`),
  ADD KEY `id_sucursal` (`id_sucursal`),
  ADD KEY `id_nivel_alcanzado` (`id_nivel_alcanzado`);

--
-- Indices de la tabla `pedido`
--
ALTER TABLE `pedido`
  ADD PRIMARY KEY (`id_pedido`),
  ADD KEY `id_estado_actual` (`id_estado_actual`),
  ADD KEY `idx_pedido_partida` (`id_partida`);

--
-- Indices de la tabla `producto`
--
ALTER TABLE `producto`
  ADD PRIMARY KEY (`id_producto`),
  ADD UNIQUE KEY `nombre` (`nombre`);

--
-- Indices de la tabla `rol`
--
ALTER TABLE `rol`
  ADD PRIMARY KEY (`id_rol`),
  ADD UNIQUE KEY `nombre` (`nombre`);

--
-- Indices de la tabla `sucursal`
--
ALTER TABLE `sucursal`
  ADD PRIMARY KEY (`id_sucursal`);

--
-- Indices de la tabla `usuario`
--
ALTER TABLE `usuario`
  ADD PRIMARY KEY (`id_usuario`),
  ADD UNIQUE KEY `username` (`username`),
  ADD KEY `fk_usuario_rol` (`id_rol`),
  ADD KEY `fk_usuario_sucursal` (`id_sucursal`);

--
-- AUTO_INCREMENT de las tablas volcadas
--

--
-- AUTO_INCREMENT de la tabla `detalle_pedido`
--
ALTER TABLE `detalle_pedido`
  MODIFY `id_detalle` int(11) NOT NULL AUTO_INCREMENT, AUTO_INCREMENT=531;

--
-- AUTO_INCREMENT de la tabla `estado_pedido`
--
ALTER TABLE `estado_pedido`
  MODIFY `id_estado` int(11) NOT NULL AUTO_INCREMENT, AUTO_INCREMENT=7;

--
-- AUTO_INCREMENT de la tabla `historial_estado`
--
ALTER TABLE `historial_estado`
  MODIFY `id_historial` int(11) NOT NULL AUTO_INCREMENT, AUTO_INCREMENT=766;

--
-- AUTO_INCREMENT de la tabla `nivel`
--
ALTER TABLE `nivel`
  MODIFY `id_nivel` int(11) NOT NULL AUTO_INCREMENT, AUTO_INCREMENT=4;

--
-- AUTO_INCREMENT de la tabla `parametro_global`
--
ALTER TABLE `parametro_global`
  MODIFY `id_parametro` int(11) NOT NULL AUTO_INCREMENT, AUTO_INCREMENT=4;

--
-- AUTO_INCREMENT de la tabla `partida`
--
ALTER TABLE `partida`
  MODIFY `id_partida` int(11) NOT NULL AUTO_INCREMENT, AUTO_INCREMENT=30;

--
-- AUTO_INCREMENT de la tabla `pedido`
--
ALTER TABLE `pedido`
  MODIFY `id_pedido` int(11) NOT NULL AUTO_INCREMENT, AUTO_INCREMENT=286;

--
-- AUTO_INCREMENT de la tabla `producto`
--
ALTER TABLE `producto`
  MODIFY `id_producto` int(11) NOT NULL AUTO_INCREMENT, AUTO_INCREMENT=5;

--
-- AUTO_INCREMENT de la tabla `rol`
--
ALTER TABLE `rol`
  MODIFY `id_rol` int(11) NOT NULL AUTO_INCREMENT, AUTO_INCREMENT=4;

--
-- AUTO_INCREMENT de la tabla `sucursal`
--
ALTER TABLE `sucursal`
  MODIFY `id_sucursal` int(11) NOT NULL AUTO_INCREMENT, AUTO_INCREMENT=4;

--
-- AUTO_INCREMENT de la tabla `usuario`
--
ALTER TABLE `usuario`
  MODIFY `id_usuario` int(11) NOT NULL AUTO_INCREMENT, AUTO_INCREMENT=6;

--
-- Restricciones para tablas volcadas
--

--
-- Filtros para la tabla `detalle_pedido`
--
ALTER TABLE `detalle_pedido`
  ADD CONSTRAINT `detalle_pedido_ibfk_1` FOREIGN KEY (`id_pedido`) REFERENCES `pedido` (`id_pedido`) ON UPDATE CASCADE,
  ADD CONSTRAINT `detalle_pedido_ibfk_2` FOREIGN KEY (`id_producto`) REFERENCES `producto` (`id_producto`) ON UPDATE CASCADE;

--
-- Filtros para la tabla `historial_estado`
--
ALTER TABLE `historial_estado`
  ADD CONSTRAINT `historial_estado_ibfk_1` FOREIGN KEY (`id_pedido`) REFERENCES `pedido` (`id_pedido`) ON UPDATE CASCADE,
  ADD CONSTRAINT `historial_estado_ibfk_2` FOREIGN KEY (`id_estado`) REFERENCES `estado_pedido` (`id_estado`) ON UPDATE CASCADE;

--
-- Filtros para la tabla `inventario_sucursal`
--
ALTER TABLE `inventario_sucursal`
  ADD CONSTRAINT `inventario_sucursal_ibfk_1` FOREIGN KEY (`id_sucursal`) REFERENCES `sucursal` (`id_sucursal`) ON UPDATE CASCADE,
  ADD CONSTRAINT `inventario_sucursal_ibfk_2` FOREIGN KEY (`id_producto`) REFERENCES `producto` (`id_producto`) ON UPDATE CASCADE;

--
-- Filtros para la tabla `partida`
--
ALTER TABLE `partida`
  ADD CONSTRAINT `partida_ibfk_1` FOREIGN KEY (`id_usuario`) REFERENCES `usuario` (`id_usuario`) ON UPDATE CASCADE,
  ADD CONSTRAINT `partida_ibfk_2` FOREIGN KEY (`id_sucursal`) REFERENCES `sucursal` (`id_sucursal`) ON UPDATE CASCADE,
  ADD CONSTRAINT `partida_ibfk_3` FOREIGN KEY (`id_nivel_alcanzado`) REFERENCES `nivel` (`id_nivel`) ON UPDATE CASCADE;

--
-- Filtros para la tabla `pedido`
--
ALTER TABLE `pedido`
  ADD CONSTRAINT `pedido_ibfk_1` FOREIGN KEY (`id_partida`) REFERENCES `partida` (`id_partida`) ON UPDATE CASCADE,
  ADD CONSTRAINT `pedido_ibfk_2` FOREIGN KEY (`id_estado_actual`) REFERENCES `estado_pedido` (`id_estado`) ON UPDATE CASCADE;

--
-- Filtros para la tabla `usuario`
--
ALTER TABLE `usuario`
  ADD CONSTRAINT `fk_usuario_rol` FOREIGN KEY (`id_rol`) REFERENCES `rol` (`id_rol`) ON UPDATE CASCADE,
  ADD CONSTRAINT `fk_usuario_sucursal` FOREIGN KEY (`id_sucursal`) REFERENCES `sucursal` (`id_sucursal`) ON UPDATE CASCADE;
COMMIT;

/*!40101 SET CHARACTER_SET_CLIENT=@OLD_CHARACTER_SET_CLIENT */;
/*!40101 SET CHARACTER_SET_RESULTS=@OLD_CHARACTER_SET_RESULTS */;
/*!40101 SET COLLATION_CONNECTION=@OLD_COLLATION_CONNECTION */;
